セクション名,動画番号,動画URL
﻿A little heart ステップアウト１、２,1,https://www.youtube.com/watch?v=R6JPbQKLcWE
﻿A little heart ステップアウト１、２,2,https://www.youtube.com/watch?v=CBnIeA7vw_A
﻿A little heart ステップアウト１、２,3,https://www.youtube.com/watch?v=dStgPsncAL8
﻿A little heart ステップアウト１、２,4,https://www.youtube.com/watch?v=iPg3vKHu4pg
﻿A little heart ステップアウト１、２,5,https://www.youtube.com/watch?v=FJ8x7mkpY_M
﻿A little heart ステップアウト１、２,6,https://www.youtube.com/watch?v=4MIntv9ortw
﻿A little heart ステップアウト１、２,7,https://www.youtube.com/watch?v=tu5ZUt_z7Hc
﻿A little heart ステップアウト１、２,8,https://www.youtube.com/watch?v=2sGbRFwwgfg
﻿A little heart ステップアウト１、２,9,https://www.youtube.com/watch?v=m_rQ-fbCHrU
﻿A little heart ステップアウト１、２,10,https://www.youtube.com/watch?v=rpzijwCL0MI
﻿A little heart ステップアウト１、２,11,https://www.youtube.com/watch?v=MFDlRFTd738
﻿A little heart ステップアウト１、２,12,https://www.youtube.com/watch?v=Q5QewIt8VJY
﻿A little heart ステップアウト１、２,13,https://www.youtube.com/watch?v=q7JrP3Ylxkg
ステップアウト３,1,https://www.youtube.com/watch?v=QhnatQrW8n8
ステップアウト３,2,https://www.youtube.com/watch?v=rVlXoPUs-rM
ステップアウト３,3,https://www.youtube.com/watch?v=Iu0CodfZ1IA
ステップアウト３,4,https://www.youtube.com/watch?v=xeadSd3UbfA
ステップアウト３,5,https://www.youtube.com/watch?v=1gZxbZ1SEbM
ステップアウト３,6,https://www.youtube.com/watch?v=9rjeQCXPa2g
ステップアウト３,7,https://www.youtube.com/watch?v=9kCTeUzoPrA
ステップアウト３,8,https://www.youtube.com/watch?v=0f84youdv94
ステップアウト３,9,https://www.youtube.com/watch?v=isyTrVswcMw
ステップアウト３,10,https://www.youtube.com/watch?v=JVRnNpOkJFg
ステップアウト３,11,https://www.youtube.com/watch?v=eq4yhEFpOZE
ステップアウト３,12,https://www.youtube.com/watch?v=bJNN3ECA74s
ステップアウト４,1,https://www.youtube.com/watch?v=tJsBXWyhXR4
ステップアウト４,2,https://www.youtube.com/watch?v=A6uJV1qfxP8
ステップアウト４,3,https://www.youtube.com/watch?v=UdVzYNOs6Gs
ステップアウト４,4,https://www.youtube.com/watch?v=kB0jrUbfQT4
ステップアウト４,5,https://www.youtube.com/watch?v=7jmElfvYytw
ステップアウト４,6,https://www.youtube.com/watch?v=DjyUvFN8agw
ステップアウト４,7,https://www.youtube.com/watch?v=NwI3h9hvCtE
ステップアウト４,8,https://www.youtube.com/watch?v=-SWKLRpSpIY
ステップアウト４,9,https://www.youtube.com/watch?v=0EK-HtYGaeE
ステップアウト４,10,https://www.youtube.com/watch?v=h4p7Otdxyyc
ステップアウト４,11,https://www.youtube.com/watch?v=2qmoP3Iooz8
ステップアウト４,12,https://www.youtube.com/watch?v=HYzcZdYEv4Q
ステップアウト４,13,https://www.youtube.com/watch?v=Ay_zBIAzBC0
ステップアウト５,1,https://www.youtube.com/watch?v=8QZ8hQizs7Y
ステップアウト５,2,https://www.youtube.com/watch?v=RzTdLnsTc7U
ステップアウト５,3,https://www.youtube.com/watch?v=_vypIn40iLM
ステップアウト５,4,https://www.youtube.com/watch?v=muH_M7Uznug
ステップアウト５,5,https://www.youtube.com/watch?v=EzmXd4PndOo
ステップアウト５,6,https://www.youtube.com/watch?v=8hR0SfyhfXw
ステップアウト６,1,https://www.youtube.com/watch?v=ezGwfUT8QmQ
ステップアウト６,2,https://www.youtube.com/watch?v=C78v-Y-bqdE
ステップアウト６,3,https://www.youtube.com/watch?v=dCzn28wIHyk
ステップアウト６,4,https://www.youtube.com/watch?v=lp1e_Ot2oW0
ステップアウト７,1,https://www.youtube.com/watch?v=TQmDONaO7lc
ステップアウト７,2,https://www.youtube.com/watch?v=PtD5iBsGNa4
ステップアウト７,3,https://www.youtube.com/watch?v=MDAbWXU5V5A
ステップアウト７,4,https://www.youtube.com/watch?v=MKKH5PB0fIs
ステップアウト７,5,https://www.youtube.com/watch?v=giDVNVZRmOg
ステップアウト７,6,https://www.youtube.com/watch?v=K9YjpOImOdk
ステップアウト７,7,https://www.youtube.com/watch?v=2GoW5kSOX5Y
ステップアウト７,8,https://www.youtube.com/watch?v=0bpCJI4CiHY
ステップアウト７,9,https://www.youtube.com/watch?v=FS94-YU0CcI
ステップアウト７,10,https://www.youtube.com/watch?v=FhTNzNidQ-4
ステップアウト７,11,https://www.youtube.com/watch?v=UfD4q0XCiSA
ステップアウト７,12,https://www.youtube.com/watch?v=AfWr3SehLrA
ステップアウト７,13,https://www.youtube.com/watch?v=y1LAoucnEsY
ステップアウト７,14,https://www.youtube.com/watch?v=pVZyGDsWHBM
ステップアウト８,1,https://www.youtube.com/watch?v=Au-01kqp3p4
ステップアウト８,2,https://www.youtube.com/watch?v=3CIftLR0xes
ステップアウト８,3,https://www.youtube.com/watch?v=KjCEuYVlYVU
ステップアウト８,4,https://www.youtube.com/watch?v=B6HRHO5n1aw
ステップアウト８,5,https://www.youtube.com/watch?v=UlnlvUhIrr8
ステップアウト８,6,https://www.youtube.com/watch?v=GoakCj-KXNU
ステップアウト８,7,https://www.youtube.com/watch?v=431ctiv9jEY
ステップアウト８,8,https://www.youtube.com/watch?v=lMkVA0U16e4
ステップアウト８,9,https://www.youtube.com/watch?v=iooT_LSj0UM
ステップアウト８,10,https://www.youtube.com/watch?v=iWHOd9JdX-o
ステップアウト８,11,https://www.youtube.com/watch?v=fuTcK9pKY5w
ステップアウト８,12,https://www.youtube.com/watch?v=_FcHKA38oVk
ステップアウト９,1,https://www.youtube.com/watch?v=FlxlyG6j6f4
ステップアウト９,2,https://www.youtube.com/watch?v=dhO_krdJNUk
ステップアウト９,3,https://www.youtube.com/watch?v=7ArpkaQwL2w
ステップアウト９,4,https://www.youtube.com/watch?v=5viaXb-ode0
ステップアウト９,5,https://www.youtube.com/watch?v=hJ_xFn-zfCk
ステップアウト９,6,https://www.youtube.com/watch?v=82rNqa9IR5I
ステップアウト９,7,https://www.youtube.com/watch?v=Cawcesnm-sk
ステップアウト10,1,https://www.youtube.com/watch?v=nyj0Qc2JMT8
ステップアウト10,2,https://www.youtube.com/watch?v=wFCLiiJcjig
ステップアウト10,3,https://www.youtube.com/watch?v=9EDMrbW-bNU
ステップアウト10,4,https://www.youtube.com/watch?v=AclUOhfHEtk
ステップアウト10,5,https://www.youtube.com/watch?v=_FcHKA38oVk
ステップアウト10,6,https://www.youtube.com/watch?v=wuazWrLyjOU
ステップアウト10,7,https://www.youtube.com/watch?v=GoakCj-KXNU
ステップアウト11,1,https://www.youtube.com/watch?v=n3kI8TeVK2g
ステップアウト11,2,https://www.youtube.com/watch?v=ApCx3Bpysz0
ステップアウト11,3,https://www.youtube.com/watch?v=kVvQy8YoNPg
ステップアウト11,4,https://www.youtube.com/watch?v=MMN7wtRgkhw
ステップアウト11,5,https://www.youtube.com/watch?v=uARQ-xW4Tao
ステップアウト11,6,https://www.youtube.com/watch?v=EqphDrDaFO4
ステップアウト11,7,https://www.youtube.com/watch?v=R8qk3Bxyo6I
ステップアウト11,8,https://www.youtube.com/watch?v=t8GqyZ-WujA
ステップアウト11,9,https://www.youtube.com/watch?v=LPb05u-tBOg
ステップアウト12,1,https://www.youtube.com/watch?v=VqAwpl3X2oo
ステップアウト12,2,https://www.youtube.com/watch?v=ApCx3Bpysz0
ステップアウト12,3,https://www.youtube.com/watch?v=kVvQy8YoNPg
ステップアウト12,4,https://www.youtube.com/watch?v=Ay_zBIAzBC0
ステップアウト12,5,https://www.youtube.com/watch?v=hWH9WhVmeNg
ステップアウト12,6,https://www.youtube.com/watch?v=EPasXw64HNw
ステップアウト12,7,https://www.youtube.com/watch?v=VIXo55gZ4Y4
ステップアウト12,8,https://www.youtube.com/watch?v=EsHoZf_rXL8
ステップアウト12,9,https://www.youtube.com/watch?v=_oNgcJGtv8E
ステップアウト12,10,https://www.youtube.com/watch?v=6Rmn58yZPYU
ステップアウト12,11,https://www.youtube.com/watch?v=c_Jvn7W3ydQ
ステップアウト12,12,https://www.youtube.com/watch?v=v9q6CRS1PsQ
ステップアウト13,1,https://www.youtube.com/watch?v=J5BE407f7cw
ステップアウト13,2,https://www.youtube.com/watch?v=v4mGYD8vgyc
ステップアウト13,3,https://www.youtube.com/watch?v=3qU_Kv4m6kQ
ステップアウト13,4,https://www.youtube.com/watch?v=yPdJS_0ZpuI
ステップアウト13,5,https://www.youtube.com/watch?v=wVK6Nq97jG4
ステップアウト13,6,https://www.youtube.com/watch?v=pey-WeN5qfc
ステップアウト13,7,https://www.youtube.com/watch?v=SQz95pZ5zDM
