セクション名,動画番号,動画URL,動画タイトル,タングル名
﻿A little heart ステップアウト１、２,1,https://www.youtube.com/watch?v=R6JPbQKLcWE,ゼンタングル®︎タングル・エンゼッペル,エンゼッペル
﻿A little heart ステップアウト１、２,2,https://www.youtube.com/watch?v=CBnIeA7vw_A,ゼンタングル®︎タングル・レイン,レイン
﻿A little heart ステップアウト１、２,3,https://www.youtube.com/watch?v=dStgPsncAL8,ゼンタングル®︎タングル・イング,イング
﻿A little heart ステップアウト１、２,4,https://www.youtube.com/watch?v=iPg3vKHu4pg,ゼンタングル®︎タングル・スポークン,スポークン
﻿A little heart ステップアウト１、２,5,https://www.youtube.com/watch?v=FJ8x7mkpY_M,ゼンタングル®︎タングル・プランタン,プランタン
﻿A little heart ステップアウト１、２,6,https://www.youtube.com/watch?v=4MIntv9ortw,ゼンタングル®︎タングル・ビトゥルビウス,ビトゥルビウス
﻿A little heart ステップアウト１、２,7,https://www.youtube.com/watch?v=tu5ZUt_z7Hc,ゼンタングル®︎タングル・ブレイズ,ブレイズ
﻿A little heart ステップアウト１、２,8,https://www.youtube.com/watch?v=2sGbRFwwgfg,ゼンタングル®︎タングル・ムーカ,ムーカ
﻿A little heart ステップアウト１、２,9,https://www.youtube.com/watch?v=m_rQ-fbCHrU,ゼンタングル®︎タングル・ビービー,ビービー
﻿A little heart ステップアウト１、２,10,https://www.youtube.com/watch?v=rpzijwCL0MI,ゼンタングル®︎タングル・ベガ,ベガ
﻿A little heart ステップアウト１、２,11,https://www.youtube.com/watch?v=MFDlRFTd738,ゼンタングル®︎タングル・ジップ,ジップ
﻿A little heart ステップアウト１、２,12,https://www.youtube.com/watch?v=Q5QewIt8VJY,ゼンタングル®︎タングル・アブリアル,アブリアル
﻿A little heart ステップアウト１、２,13,https://www.youtube.com/watch?v=q7JrP3Ylxkg,ゼンタングル®︎タングル・ネース,ネース
ステップアウト３,1,https://www.youtube.com/watch?v=QhnatQrW8n8,ゼンタングル®︎タングル・ディングスプラッツ,ディングスプラッツ
ステップアウト３,2,https://www.youtube.com/watch?v=rVlXoPUs-rM,ゼンタングル®︎タングル・フローズ,フローズ
ステップアウト３,3,https://www.youtube.com/watch?v=Iu0CodfZ1IA,ゼンタングル®︎タングル・スネイル,スネイル
ステップアウト３,4,https://www.youtube.com/watch?v=xeadSd3UbfA,ゼンタングル®︎タングル・ティップル,ティップル
ステップアウト３,5,https://www.youtube.com/watch?v=1gZxbZ1SEbM,ゼンタングル®︎タングル・ネクトン,ネクトン
ステップアウト３,6,https://www.youtube.com/watch?v=9rjeQCXPa2g,ゼンタングル®︎タングル・セズ,セズ
ステップアウト３,7,https://www.youtube.com/watch?v=9kCTeUzoPrA,ゼンタングル®︎タングル・キーコ,キーコ
ステップアウト３,8,https://www.youtube.com/watch?v=0f84youdv94,ゼンタングル®︎タングル・オーリク,オーリク
ステップアウト３,9,https://www.youtube.com/watch?v=isyTrVswcMw,ゼンタングル®︎タングル・シャタック,シャタック
ステップアウト３,10,https://www.youtube.com/watch?v=JVRnNpOkJFg,ゼンタングル®︎タングル・ドゥーダ,ドゥーダ
ステップアウト３,11,https://www.youtube.com/watch?v=eq4yhEFpOZE,ゼンタングル®︎タングル・ポークルート・ポークリーフ,ポークルート・ポークリーフ
ステップアウト３,12,https://www.youtube.com/watch?v=bJNN3ECA74s,ゼンタングル®タングル・フラックス,フラックス
ステップアウト４,1,https://www.youtube.com/watch?v=tJsBXWyhXR4,ゼンタングル®︎タングル・ロカー,ロカー
ステップアウト４,2,https://www.youtube.com/watch?v=A6uJV1qfxP8,ゼンタングル®︎タングル・ゼニス,ゼニス
ステップアウト４,3,https://www.youtube.com/watch?v=UdVzYNOs6Gs,ゼンタングル®︎タングル・スカラボー,スカラボー
ステップアウト４,4,https://www.youtube.com/watch?v=kB0jrUbfQT4,ゼンタングル®︎タングル・ヌームリパス,ヌームリパス
ステップアウト４,5,https://www.youtube.com/watch?v=7jmElfvYytw,ゼンタングル®︎タングル・ジューク,ジューク
ステップアウト４,6,https://www.youtube.com/watch?v=DjyUvFN8agw,ゼンタングル®︎タングル・トートゥーカ,トートゥーカ
ステップアウト４,7,https://www.youtube.com/watch?v=NwI3h9hvCtE,ゼンタングル®︎タングル・フルークス,フルークス
ステップアウト４,8,https://www.youtube.com/watch?v=-SWKLRpSpIY,ゼンタングル®︎タングル・タグ,タグ
ステップアウト４,9,https://www.youtube.com/watch?v=0EK-HtYGaeE,ゼンタングル®︎タングル・マンチン,マンチン
ステップアウト４,10,https://www.youtube.com/watch?v=h4p7Otdxyyc,ゼンタングル®︎タングル・イクソラス,イクソラス
ステップアウト４,11,https://www.youtube.com/watch?v=2qmoP3Iooz8,ゼンタングル®︎タングル・アクアフルー,アクアフルー
ステップアウト４,12,https://www.youtube.com/watch?v=HYzcZdYEv4Q,ゼンタングル®︎タングル・ミステリア,ミステリア
ステップアウト４,13,https://www.youtube.com/watch?v=Ay_zBIAzBC0,ゼンタングル®︎タングル・ナイツブリッジ,ナイツブリッジ
ステップアウト５,1,https://www.youtube.com/watch?v=8QZ8hQizs7Y,ゼンタングル®︎タングル・エコイズム,エコイズム
ステップアウト５,2,https://www.youtube.com/watch?v=RzTdLnsTc7U,ゼンタングル®︎タングル・ジェティーズ,ジェティーズ
ステップアウト５,3,https://www.youtube.com/watch?v=_vypIn40iLM,ゼンタングル®︎タングル・サーキタル,サーキタル
ステップアウト５,4,https://www.youtube.com/watch?v=muH_M7Uznug,ゼンタングル®︎タングル・スプリンクル,スプリンクル
ステップアウト５,5,https://www.youtube.com/watch?v=EzmXd4PndOo,ゼンタングル®︎タングル・セドグリング,セドグリング
ステップアウト５,6,https://www.youtube.com/watch?v=8hR0SfyhfXw,ゼンタングル®︎タングル・オーパス,オーパス
ステップアウト６,1,https://www.youtube.com/watch?v=ezGwfUT8QmQ,ゼンタングル®︎タングル・パラドックス,パラドックス
ステップアウト６,2,https://www.youtube.com/watch?v=C78v-Y-bqdE,ゼンタングル®︎タングル・ツイング,ツイング
ステップアウト６,3,https://www.youtube.com/watch?v=dCzn28wIHyk,ゼンタングル®︎タングル・スクイッド,スクイッド
ステップアウト６,4,https://www.youtube.com/watch?v=lp1e_Ot2oW0,ゼンタングル®︎タングル・ゼアフォー＆アー,ゼアフォー＆アー
ステップアウト７,1,https://www.youtube.com/watch?v=TQmDONaO7lc,ゼンタングル®︎タングル・ドローイングス,ドローイングス
ステップアウト７,2,https://www.youtube.com/watch?v=PtD5iBsGNa4,ゼンタングル®︎タングル・ラドックス,ラドックス
ステップアウト７,3,https://www.youtube.com/watch?v=MDAbWXU5V5A,ゼンタングル®︎タングル・ジョンクォル,ジョンクォル
ステップアウト７,4,https://www.youtube.com/watch?v=MKKH5PB0fIs,ゼンタングル®︎タングル・フランキー,フランキー
ステップアウト７,5,https://www.youtube.com/watch?v=giDVNVZRmOg,ゼンタングル®︎タングル・トゥードゥルズ,トゥードゥルズ
ステップアウト７,6,https://www.youtube.com/watch?v=K9YjpOImOdk,ゼンタングル®︎タングル・ペッパー,ペッパー
ステップアウト７,7,https://www.youtube.com/watch?v=2GoW5kSOX5Y,ゼンタングル®︎タングル・フェスチューン,フェスチューン
ステップアウト７,8,https://www.youtube.com/watch?v=0bpCJI4CiHY,ゼンタングル®︎タングル・ストライピング,ストライピング
ステップアウト７,9,https://www.youtube.com/watch?v=FS94-YU0CcI,ゼンタングル®︎タングル・バンゾー,バンゾー
ステップアウト７,10,https://www.youtube.com/watch?v=FhTNzNidQ-4,ゼンタングル®︎タングル・インディレラ,インディレラ
ステップアウト７,11,https://www.youtube.com/watch?v=UfD4q0XCiSA,ゼンタングル®︎タングル・ミアー,ミアー
ステップアウト７,12,https://www.youtube.com/watch?v=AfWr3SehLrA,ゼンタングル®︎タングル・オーナマト,オーナマト
ステップアウト７,13,https://www.youtube.com/watch?v=y1LAoucnEsY,ゼンタングル®︎タングル・ドゥループ,ドゥループ
ステップアウト７,14,https://www.youtube.com/watch?v=pVZyGDsWHBM,ゼンタングル®︎タングル・アンブル,アンブル
ステップアウト８,1,https://www.youtube.com/watch?v=Au-01kqp3p4,ゼンタングル®︎タングル・ダブリューツー,ダブリューツー
ステップアウト８,2,https://www.youtube.com/watch?v=3CIftLR0xes,ゼンタングル®︎タングル・ワイフォー,ワイフォー
ステップアウト８,3,https://www.youtube.com/watch?v=KjCEuYVlYVU,ゼンタングル®︎タングル・スワーム,スワーム
ステップアウト８,4,https://www.youtube.com/watch?v=B6HRHO5n1aw,ゼンタングル®︎タングル・ハイブリッド,ハイブリッド
ステップアウト８,5,https://www.youtube.com/watch?v=UlnlvUhIrr8,ゼンタングル®︎タングル・タイディングス,タイディングス
ステップアウト８,6,https://www.youtube.com/watch?v=GoakCj-KXNU,ゼンタングル®︎タングル・イーク,イーク
ステップアウト８,7,https://www.youtube.com/watch?v=431ctiv9jEY,ゼンタングル®︎タングル・デュード,デュード
ステップアウト８,8,https://www.youtube.com/watch?v=lMkVA0U16e4,ゼンタングル®︎タングル・スタティック,スタティック
ステップアウト８,9,https://www.youtube.com/watch?v=iooT_LSj0UM,ゼンタングル®︎タングル・リックスティー,リックスティー
ステップアウト８,10,https://www.youtube.com/watch?v=iWHOd9JdX-o,ゼンタングル®︎タングル・ファンダバウト,ファンダバウト
ステップアウト８,11,https://www.youtube.com/watch?v=fuTcK9pKY5w,ゼンタングル®︎タングル・イニックス　フロンドス,イニックス
ステップアウト８,12,https://www.youtube.com/watch?v=_FcHKA38oVk,ゼンタングル®︎タングル・クール,クール
ステップアウト９,1,https://www.youtube.com/watch?v=FlxlyG6j6f4,ゼンタングル®︎タングル・フェングル,フェングル
ステップアウト９,2,https://www.youtube.com/watch?v=dhO_krdJNUk,ゼンタングル®︎タングル・イクソラス,イクソラス
ステップアウト９,3,https://www.youtube.com/watch?v=7ArpkaQwL2w,ゼンタングル®︎タングル・マラス,マラス
ステップアウト９,4,https://www.youtube.com/watch?v=5viaXb-ode0,ゼンタングル®︎タングル・アイソコア,アイソコア
ステップアウト９,5,https://www.youtube.com/watch?v=hJ_xFn-zfCk,ゼンタングル®︎タングル・コーラン,コーラン
ステップアウト９,6,https://www.youtube.com/watch?v=82rNqa9IR5I,ゼンタングル®︎タングル・セナ,セナ
ステップアウト９,7,https://www.youtube.com/watch?v=Cawcesnm-sk,ゼンタングル®︎タングル・クォンダリー,クォンダリー
ステップアウト10,1,https://www.youtube.com/watch?v=nyj0Qc2JMT8,ゼンタングル®︎タングル・アルカス,アルカス
ステップアウト10,2,https://www.youtube.com/watch?v=wFCLiiJcjig,ゼンタングル®︎タングル・クィップル,クィップル
ステップアウト10,3,https://www.youtube.com/watch?v=9EDMrbW-bNU,ゼンタングル®︎タングル・パテナ,パテナ
ステップアウト10,4,https://www.youtube.com/watch?v=AclUOhfHEtk,ゼンタングル®︎タングル・セズ,セズ
ステップアウト10,5,https://www.youtube.com/watch?v=_FcHKA38oVk,ゼンタングル®︎タングル・クール,クール
ステップアウト10,6,https://www.youtube.com/watch?v=wuazWrLyjOU,ゼンタングル®︎タングル・コーラント,コーラント
ステップアウト10,7,https://www.youtube.com/watch?v=GoakCj-KXNU,ゼンタングル®︎タングル・イーク,イーク
ステップアウト11,1,https://www.youtube.com/watch?v=n3kI8TeVK2g,ゼンタングル®︎パターン・ラトゥーン,ゼンタングル®︎パターン・ラトゥーン
ステップアウト11,2,https://www.youtube.com/watch?v=ApCx3Bpysz0,ゼンタングル®︎タングル・パーク,パーク
ステップアウト11,3,https://www.youtube.com/watch?v=kVvQy8YoNPg,ゼンタングル®︎パターン・マイシーリアム,ゼンタングル®︎パターン・マイシーリアム
ステップアウト11,4,https://www.youtube.com/watch?v=MMN7wtRgkhw,ゼンタングル®︎パターン・サイム,ゼンタングル®︎パターン・サイム
ステップアウト11,5,https://www.youtube.com/watch?v=uARQ-xW4Tao,ゼンタングル®︎パターン・アイキャンディス,ゼンタングル®︎パターン・アイキャンディス
ステップアウト11,6,https://www.youtube.com/watch?v=EqphDrDaFO4,ゼンタングル®︎パターン・サンプソン,ゼンタングル®︎パターン・サンプソン
ステップアウト11,7,https://www.youtube.com/watch?v=R8qk3Bxyo6I,ゼンタングル®︎パターン。ホリス,ゼンタングル®︎パターン。ホリス
ステップアウト11,8,https://www.youtube.com/watch?v=t8GqyZ-WujA,ゼンタングル®︎パターン・ムーンパイ,ゼンタングル®︎パターン・ムーンパイ
ステップアウト11,9,https://www.youtube.com/watch?v=LPb05u-tBOg,ゼンタングル®︎パターン・プーヤン,ゼンタングル®︎パターン・プーヤン
ステップアウト12,1,https://www.youtube.com/watch?v=VqAwpl3X2oo,ゼンタングル®︎パターン・ウェイボップ,ゼンタングル®︎パターン・ウェイボップ
ステップアウト12,2,https://www.youtube.com/watch?v=ApCx3Bpysz0,ゼンタングル®︎タングル・パーク,パーク
ステップアウト12,3,https://www.youtube.com/watch?v=kVvQy8YoNPg,ゼンタングル®︎パターン・マイシーリアム,ゼンタングル®︎パターン・マイシーリアム
ステップアウト12,4,https://www.youtube.com/watch?v=Ay_zBIAzBC0,ゼンタングル®︎タングル・ナイツブリッジ,ナイツブリッジ
ステップアウト12,5,https://www.youtube.com/watch?v=hWH9WhVmeNg,ゼンタングル®︎パターン・ペッパー,ゼンタングル®︎パターン・ペッパー
ステップアウト12,6,https://www.youtube.com/watch?v=EPasXw64HNw,ゼンタングル®︎パターン・フェスキュー,ゼンタングル®︎パターン・フェスキュー
ステップアウト12,7,https://www.youtube.com/watch?v=VIXo55gZ4Y4,ゼンタングル®︎パターン・パンジア,ゼンタングル®︎パターン・パンジア
ステップアウト12,8,https://www.youtube.com/watch?v=EsHoZf_rXL8,ゼンタングル®︎パターン・マース,ゼンタングル®︎パターン・マース
ステップアウト12,9,https://www.youtube.com/watch?v=_oNgcJGtv8E,ゼンタングル®︎パターン・フルークス,ゼンタングル®︎パターン・フルークス
ステップアウト12,10,https://www.youtube.com/watch?v=6Rmn58yZPYU,ゼンタングル®︎パターン・ビーライト,ゼンタングル®︎パターン・ビーライト
ステップアウト12,11,https://www.youtube.com/watch?v=c_Jvn7W3ydQ,ゼンタングル®︎パターン・ラベル,ゼンタングル®︎パターン・ラベル
ステップアウト12,12,https://www.youtube.com/watch?v=v9q6CRS1PsQ,ゼンタングル®︎パターン・イニックス,ゼンタングル®︎パターン・イニックス
ステップアウト13,1,https://www.youtube.com/watch?v=J5BE407f7cw,ゼンタングル®︎パターン・ランブルズ,ゼンタングル®︎パターン・ランブルズ
ステップアウト13,2,https://www.youtube.com/watch?v=v4mGYD8vgyc,ゼンタングル®︎パターン・ランパス,ゼンタングル®︎パターン・ランパス
ステップアウト13,3,https://www.youtube.com/watch?v=3qU_Kv4m6kQ,ゼンタングル®︎パターン・トリポリ,ゼンタングル®︎パターン・トリポリ
ステップアウト13,4,https://www.youtube.com/watch?v=yPdJS_0ZpuI,ゼンタングル®︎パターン・プンツェル,ゼンタングル®︎パターン・プンツェル
ステップアウト13,5,https://www.youtube.com/watch?v=wVK6Nq97jG4,ゼンタングル®︎パターン・バーディゴー,ゼンタングル®︎パターン・バーディゴー
ステップアウト13,6,https://www.youtube.com/watch?v=pey-WeN5qfc,ゼンタングル®︎パターン・ファイフ,ゼンタングル®︎パターン・ファイフ
ステップアウト13,7,https://www.youtube.com/watch?v=SQz95pZ5zDM,ゼンタングル®︎パターン・モリゴン,ゼンタングル®︎パターン・モリゴン
