,,,,,,,,,,,
,,LP1,成功するFC多店舗展開ノウハウセミナー,,,LP2,成功するFC完全構築ノウハウセミナー,,,LP3,FC多店舗展開×M &A戦略セミナー
,NO,バナー,テキスト,,NO,バナー,テキスト,,NO,バナー,テキスト
,1,,"多店舗展開を視野に入れているオーナー必見！
こんな悩み当てはまりませんか？

✅多店舗展開したいが、やり方がわからない
✅そもそも自分のお店が、多店舗点顔できるか知りたい
✅資金調達せずに店舗を増やしたい
✅多店舗展開の経営リスクが怖い
✅多店舗展開した時のオペレーションのイメージが沸かない
　　　↓
✨フランチャイズ本部になることが近道✨
しかし、小手先のノウハウでは作れません！

FC展開支援実績300店舗以上の実績を持つプロデューサーが教える
当セミナーに参加で解決！",,1,,"多店舗展開を視野に入れているオーナー必見！
こんな悩み当てはまりませんか？

✅多店舗展開したいが、やり方がわからない
✅そもそも自分のお店が、多店舗点顔できるか知りたい
✅資金調達せずに店舗を増やしたい
✅多店舗展開の経営リスクが怖い
✅多店舗展開した時のオペレーションのイメージが沸かない
　　　↓
✨フランチャイズ本部になることが近道✨
しかし、小手先のノウハウでは作れません！

FC展開支援実績300店舗以上の実績を持つプロデューサーが教える
当セミナーに参加で解決！",,1,,"多店舗展開を視野に入れているオーナー必見！
こんな悩み当てはまりませんか？

✅多店舗展開したいが、やり方がわからない
✅そもそも自分のお店が、多店舗点顔できるか知りたい
✅資金調達せずに店舗を増やしたい
✅多店舗展開の経営リスクが怖い
✅多店舗展開した時のオペレーションのイメージが沸かない
　　　↓
✨フランチャイズ本部になることが近道✨
しかし、小手先のノウハウでは作れません！

FC展開支援実績300店舗以上の実績を持つプロデューサーが教える
当セミナーに参加で解決！"
,2,,,,2,,,,2,,
,3,,,,3,,,,3,,