,合計,"インプレッション
(IMP )","表示単価
(CPM)","クリック数
(CTs)","クリック単価
(CPC)","クリック率
(CTR)","消化金額
(COST)","LINE登録数
LP1","LINE登録数
LP2","LINE登録数
LP3","LINE登録数
LP4","LINE登録数
LP5","LINE登録数
LP6","LINE登録数
LP7","LINE登録数
LP8","LINE登録数
LP9","LINE登録数
LP10","LINE登録数
合計(実数CV)","獲得単価
(実数CPA)",平均3日,平均7日,"登録率
(実数CVR)","説明会
お申込数","説明会単価
(CPO)","説明会
誘導率",,"管理画面登録数
(CV)","管理画面獲得単価
(CPA)","管理画面登録率
(CVR)",実数乖離,"月額4,950円(年/59,400円)",成約,成約単価,成約率,売上,ROAS
トータル,,"872,410","¥1,780","32,966",¥47,3.78%,"¥1,552,952",48,147,298,98,154,27,0,0,0,0,772,"¥2,012",,,2.34%,0,#DIV/0!,0.00%,,"1,536","¥1,011",4.66%,50.26%,目標：成約率8%,32,"¥48,530",4.15%,"¥1,900,800",122.40%
,1月,"252,011","¥1,596","8,670",¥46,3.44%,"¥402,197",1,0,70,52,76,0,0,0,0,0,199,"¥2,021",,,2.30%,0,#DIV/0!,0.00%,,439,¥916,5.06%,45.33%,,10,"¥40,220",5.03%,"¥594,000",147.69%
,2月,"213,023","¥1,716","7,029",¥52,3.30%,"¥365,468",0,0,55,39,67,1,0,0,0,0,162,"¥2,256",,,2.30%,0,#DIV/0!,0.00%,,235,"¥1,555",3.34%,68.94%,,9,"¥40,608",5.56%,"¥534,600",146.28%
,3月,"172,460","¥2,199","7,445",¥51,4.32%,"¥379,192",38,0,122,2,1,18,0,0,0,0,181,"¥2,095",,,2.43%,0,#DIV/0!,0.00%,,414,¥916,5.56%,43.72%,4/17更新(星川)→,13,"¥29,169",7.18%,"¥772,200",203.64%
,4月,"234,916","¥1,729","9,822",¥41,4.18%,"¥406,095",9,147,51,5,10,8,0,0,0,0,230,"¥1,766",,,2.34%,0,#DIV/0!,0.00%,,448,¥906,4.56%,51.34%,,,#DIV/0!,0.00%,¥0,0.00%
,5月,0,#DIV/0!,0,#DIV/0!,#DIV/0!,¥0,0,0,0,0,0,0,0,0,0,0,0,#DIV/0!,,,#DIV/0!,0,#DIV/0!,#DIV/0!,,0,#DIV/0!,#DIV/0!,#DIV/0!,,,#DIV/0!,#DIV/0!,¥0,#DIV/0!
,6月,0,#DIV/0!,0,#DIV/0!,#DIV/0!,¥0,0,0,0,0,0,0,0,0,0,0,0,#DIV/0!,,,#DIV/0!,0,#DIV/0!,#DIV/0!,,0,#DIV/0!,#DIV/0!,#DIV/0!,,,#DIV/0!,#DIV/0!,¥0,#DIV/0!
,7月,0,#DIV/0!,0,#DIV/0!,#DIV/0!,¥0,0,0,0,0,0,0,0,0,0,0,0,#DIV/0!,,,#DIV/0!,0,#DIV/0!,#DIV/0!,,0,#DIV/0!,#DIV/0!,#DIV/0!,,,#DIV/0!,#DIV/0!,¥0,#DIV/0!
,8月,0,#DIV/0!,0,#DIV/0!,#DIV/0!,¥0,0,0,0,0,0,0,0,0,0,0,0,#DIV/0!,,,#DIV/0!,0,#DIV/0!,#DIV/0!,,0,#DIV/0!,#DIV/0!,#DIV/0!,,,#DIV/0!,#DIV/0!,¥0,#DIV/0!
,9月,0,#DIV/0!,0,#DIV/0!,#DIV/0!,¥0,0,0,0,0,0,0,0,0,0,0,0,#DIV/0!,,,#DIV/0!,0,#DIV/0!,#DIV/0!,,0,#DIV/0!,#DIV/0!,#DIV/0!,,,#DIV/0!,#DIV/0!,¥0,#DIV/0!
,10月,0,#DIV/0!,0,#DIV/0!,#DIV/0!,¥0,0,0,0,0,0,0,0,0,0,0,0,#DIV/0!,,,#DIV/0!,0,#DIV/0!,#DIV/0!,,0,#DIV/0!,#DIV/0!,#DIV/0!,,,#DIV/0!,#DIV/0!,¥0,#DIV/0!
,11月,0,#DIV/0!,0,#DIV/0!,#DIV/0!,¥0,0,0,0,0,0,0,0,0,0,0,0,#DIV/0!,,,#DIV/0!,0,#DIV/0!,#DIV/0!,,0,#DIV/0!,#DIV/0!,#DIV/0!,,,#DIV/0!,#DIV/0!,¥0,#DIV/0!
,12月,0,#DIV/0!,0,#DIV/0!,#DIV/0!,¥0,0,0,0,0,0,0,0,0,0,0,0,#DIV/0!,,,#DIV/0!,0,#DIV/0!,#DIV/0!,,0,#DIV/0!,#DIV/0!,#DIV/0!,,,#DIV/0!,#DIV/0!,¥0,#DIV/0!
,,,,,,,,,,,,,,,,,,,,,,,,,,,,,,,,,,,,
Meta広告,2026年,FB管理画面,自動計算,FB管理画面,自動計算,自動計算,FB管理画面,手動,手動,手動,手動,手動,手動,手動,手動,手動,手動,自動計算,自動計算,自動計算,自動計算,自動計算,手動,自動計算,自動計算,手動,,,,,,,,,,
No.,日付,"インプレッション
(IMP )","表示単価
(CPM)","クリック数
(CTs)","クリック単価
(CPC)","クリック率
(CTR)","消化金額
(COST)","LINE登録数
LP1","LINE登録数
LP2","LINE登録数
LP3","LINE登録数
LP4","LINE登録数
LP5","LINE登録数
LP6","LINE登録数
LP7","LINE登録数
LP8","LINE登録数
LP9","LINE登録数
LP10","LINE登録数
合計(実数CV)","獲得単価
(実数CPA)",平均3日,平均7日,"登録率
(実数CVR)","説明会
お申込数","説明会単価
(CPO)","説明会
誘導率",誘導広告ID,"管理画面登録数
(CV)","管理画面獲得単価
(CPA)","管理画面登録率
(CVR)",,,,,,,
1,1月1日(木) ,"11,028","¥1,145",285,¥44,2.58%,"¥12,628",0,0,0,3,0,0,,,,,3,"¥4,209",,,1.05%,,#DIV/0!,0.00%,,14,¥902,4.91%,,,,,,,
2,1月2日(金) ,"10,030","¥1,204",303,¥40,3.02%,"¥12,078",0,0,3,1,2,0,,,,,6,"¥2,013",,,1.98%,,#DIV/0!,0.00%,,13,¥929,4.29%,,,,,,,
3,1月3日(土) ,"10,493","¥1,296",337,¥40,3.21%,"¥13,599",0,0,3,4,3,0,,,,,10,"¥1,360","¥2,016",,2.97%,,#DIV/0!,0.00%,,18,¥756,5.34%,,,,,,,
4,1月4日(日) ,"10,645","¥1,330",356,¥40,3.34%,"¥14,159",0,0,0,3,4,0,,,,,7,"¥2,023","¥1,732",,1.97%,,#DIV/0!,0.00%,,15,¥944,4.21%,,,,,,,
5,1月5日(月) ,"9,001","¥1,502",318,¥43,3.53%,"¥13,518",0,0,2,3,2,0,,,,,7,"¥1,931","¥1,720",,2.20%,,#DIV/0!,0.00%,,14,¥966,4.40%,,,,,,,
6,1月6日(火) ,"8,452","¥1,529",306,¥42,3.62%,"¥12,927",0,0,2,3,3,0,,,,,8,"¥1,616","¥1,846",,2.61%,,#DIV/0!,0.00%,,13,¥994,4.25%,,,,,,,
7,1月7日(水) ,"8,201","¥1,538",242,¥52,2.95%,"¥12,615",0,0,2,0,2,0,,,,,4,"¥3,154","¥2,056","¥2,034",1.65%,,#DIV/0!,0.00%,,8,"¥1,577",3.31%,,,,,,,
8,1月8日(木) ,"8,167","¥1,551",239,¥53,2.93%,"¥12,670",0,0,1,3,3,0,,,,,7,"¥1,810","¥2,011","¥1,869",2.93%,,#DIV/0!,0.00%,,12,"¥1,056",5.02%,,,,,,,
9,1月9日(金) ,"7,608","¥1,637",228,¥55,3.00%,"¥12,453",0,0,0,0,2,0,,,,,2,"¥6,227","¥2,903","¥2,043",0.88%,,#DIV/0!,0.00%,,5,"¥2,491",2.19%,,,,,,,
10,1月10日(土) ,"8,181","¥1,544",269,¥47,3.29%,"¥12,628",0,0,2,1,7,0,,,,,10,"¥1,263","¥1,987","¥2,022",3.72%,,#DIV/0!,0.00%,,18,¥702,6.69%,,,,,,,
11,1月11日(日) ,"9,381","¥1,509",282,¥50,3.01%,"¥14,160",0,0,5,0,3,0,,,,,8,"¥1,770","¥1,962","¥1,978",2.84%,,#DIV/0!,0.00%,,13,"¥1,089",4.61%,,,,,,,
12,1月12日(月) ,"8,353","¥1,569",277,¥47,3.32%,"¥13,110",0,0,0,1,0,0,,,,,1,"¥13,110","¥2,100","¥2,264",0.36%,,#DIV/0!,0.00%,,7,"¥1,873",2.53%,,,,,,,
13,1月13日(火) ,"8,074","¥1,655",228,¥59,2.82%,"¥13,365",0,0,3,5,2,0,,,,,10,"¥1,337","¥2,139","¥2,167",4.39%,,#DIV/0!,0.00%,,15,¥891,6.58%,,,,,,,
14,1月14日(水) ,"7,573","¥1,684",249,¥51,3.29%,"¥12,751",0,0,4,0,4,0,,,,,8,"¥1,594","¥2,065","¥1,981",3.21%,,#DIV/0!,0.00%,,16,¥797,6.43%,,,,,,,
15,1月15日(木) ,"6,857","¥1,857",209,¥61,3.05%,"¥12,734",0,0,3,3,0,0,,,,,6,"¥2,122","¥1,619","¥2,027",2.87%,,#DIV/0!,0.00%,,12,"¥1,061",5.74%,,,,,,,
16,1月16日(金) ,"6,953","¥1,739",216,¥56,3.11%,"¥12,088",0,0,3,2,1,0,,,,,6,"¥2,015","¥1,879","¥1,854",2.78%,,#DIV/0!,0.00%,,14,¥863,6.48%,,,,,,,
17,1月17日(土) ,"8,028","¥1,590",225,¥57,2.80%,"¥12,766",0,0,6,0,3,0,,,,,9,"¥1,418","¥1,790","¥1,895",4.00%,,#DIV/0!,0.00%,,16,¥798,7.11%,,,,,,,
18,1月18日(日) ,"9,171","¥1,623",338,¥44,3.69%,"¥14,889",0,0,4,1,1,0,,,,,6,"¥2,482","¥1,893","¥1,994",1.78%,,#DIV/0!,0.00%,,13,"¥1,145",3.85%,,,,,,,
19,1月19日(月) ,"7,978","¥1,627",308,¥42,3.86%,"¥12,982",0,0,2,2,1,0,,,,,5,"¥2,596","¥2,032","¥1,832",1.62%,,#DIV/0!,0.00%,,10,"¥1,298",3.25%,,,,,,,
20,1月20日(火) ,"7,588","¥1,661",266,¥47,3.51%,"¥12,602",0,0,1,1,4,0,,,,,6,"¥2,100","¥2,381","¥1,974",2.26%,,#DIV/0!,0.00%,,15,¥840,5.64%,,,,,,,
21,1月21日(水) ,"6,891","¥1,831",266,¥47,3.86%,"¥12,615",0,0,3,0,1,0,,,,,4,"¥3,154","¥2,547","¥2,159",1.50%,,#DIV/0!,0.00%,,8,"¥1,577",3.01%,,,,,,,
22,1月22日(木) ,"6,662","¥1,875",268,¥47,4.02%,"¥12,489",0,0,1,2,1,0,,,,,4,"¥3,122","¥2,693","¥2,261",1.49%,,#DIV/0!,0.00%,,13,¥961,4.85%,,,,,,,
23,1月23日(金) ,"7,112","¥1,812",284,¥45,3.99%,"¥12,886",1,0,3,0,2,0,,,,,6,"¥2,148","¥2,714","¥2,281",2.11%,,#DIV/0!,0.00%,,10,"¥1,289",3.52%,,,,,,,
24,1月24日(土) ,"6,815","¥1,839",254,¥49,3.73%,"¥12,532",0,0,0,4,4,0,,,,,8,"¥1,567","¥2,106","¥2,333",3.15%,,#DIV/0!,0.00%,,14,¥895,5.51%,,,,,,,
25,1月25日(日) ,"7,640","¥1,806",280,¥49,3.66%,"¥13,797",0,0,2,2,5,0,,,,,9,"¥1,533","¥1,705","¥2,141",3.21%,,#DIV/0!,0.00%,,13,"¥1,061",4.64%,,,,,,,
26,1月26日(月) ,"7,403","¥1,780",304,¥43,4.11%,"¥13,176",0,0,1,1,0,0,,,,,2,"¥6,588","¥2,079","¥2,310",0.66%,,#DIV/0!,0.00%,,15,¥878,4.93%,,,,,,,
27,1月27日(火) ,"7,687","¥1,734",270,¥49,3.51%,"¥13,329",0,0,2,1,5,0,,,,,8,"¥1,666","¥2,121","¥2,215",2.96%,,#DIV/0!,0.00%,,17,¥784,6.30%,,,,,,,
28,1月28日(水) ,"7,348","¥1,759",307,¥42,4.18%,"¥12,924",0,0,2,2,2,0,,,,,6,"¥2,154","¥2,464","¥2,119",1.95%,,#DIV/0!,0.00%,,22,¥587,7.17%,,,,,,,
29,1月29日(木) ,"7,125","¥1,760",350,¥36,4.91%,"¥12,542",0,0,4,1,4,0,,,,,9,"¥1,394","¥1,687","¥1,900",2.57%,,#DIV/0!,0.00%,,23,¥545,6.57%,,,,,,,
30,1月30日(金) ,"7,470","¥1,659",304,¥41,4.07%,"¥12,395",0,0,2,2,3,0,,,,,7,"¥1,771","¥1,721","¥1,851",2.30%,,#DIV/0!,0.00%,,16,¥775,5.26%,,,,,,,
31,1月31日(土) ,"8,096","¥1,580",302,¥42,3.73%,"¥12,790",0,0,4,1,2,0,,,,,7,"¥1,827","¥1,640","¥1,895",2.32%,,#DIV/0!,0.00%,,27,¥474,8.94%,,,,,,,
32,2月1日(日) ,"9,920","¥1,443",347,¥41,3.50%,"¥14,316",0,0,2,2,2,0,,,,,6,"¥2,386","¥1,975","¥2,033",1.73%,,#DIV/0!,0.00%,,19,¥753,5.48%,,,,,,,
33,2月2日(月) ,"11,063","¥1,229",294,¥46,2.66%,"¥13,591",0,0,0,1,2,0,,,,,3,"¥4,530","¥2,544","¥1,998",1.02%,,#DIV/0!,0.00%,,13,"¥1,045",4.42%,,,,,,,
34,2月3日(火) ,"8,012","¥1,605",283,¥45,3.53%,"¥12,861",0,0,2,2,5,0,,,,,9,"¥1,429","¥2,265","¥1,945",3.18%,,#DIV/0!,0.00%,,17,¥757,6.01%,,,,,,,
35,2月4日(水) ,"8,017","¥1,577",295,¥43,3.68%,"¥12,640",0,0,3,2,4,0,,,,,9,"¥1,404","¥1,862","¥1,823",3.05%,,#DIV/0!,0.00%,,15,¥843,5.08%,,,,,,,
36,2月5日(木) ,"8,876","¥1,435",296,¥43,3.33%,"¥12,738",0,0,2,3,3,0,,,,,8,"¥1,592","¥1,471","¥1,864",2.70%,,#DIV/0!,0.00%,,20,¥637,6.76%,,,,,,,
37,2月6日(金) ,"8,673","¥1,420",284,¥43,3.27%,"¥12,314",0,0,3,2,1,0,,,,,6,"¥2,052","¥1,639","¥1,901",2.11%,,#DIV/0!,0.00%,,10,"¥1,231",3.52%,,,,,,,
38,2月7日(土) ,"8,862","¥1,402",323,¥38,3.64%,"¥12,424",0,0,3,0,1,0,,,,,4,"¥3,106","¥2,082","¥2,020",1.24%,,#DIV/0!,0.00%,,11,"¥1,129",3.41%,,,,,,,
39,2月8日(日) ,"10,593","¥1,358",422,¥34,3.98%,"¥14,381",0,0,3,3,7,0,,,,,13,"¥1,106","¥1,701","¥1,749",3.08%,,#DIV/0!,0.00%,,21,¥685,4.98%,,,,,,,
40,2月9日(月) ,"9,118","¥1,444",325,¥40,3.56%,"¥13,162",0,0,4,2,1,0,,,,,7,"¥1,880","¥1,665","¥1,616",2.15%,,#DIV/0!,0.00%,,17,¥774,5.23%,,,,,,,
41,2月10日(火) ,"9,814","¥1,337",333,¥39,3.39%,"¥13,118",0,0,3,1,4,0,,,,,8,"¥1,640","¥1,452","¥1,650",2.40%,,#DIV/0!,0.00%,,20,¥656,6.01%,,,,,,,
42,2月11日(水) ,"9,623","¥1,303",336,¥37,3.49%,"¥12,539",0,0,4,2,1,0,,,,,7,"¥1,791","¥1,765","¥1,711",2.08%,,#DIV/0!,0.00%,,12,"¥1,045",3.57%,,,,,,,
43,2月12日(木) ,"9,478","¥1,316",305,¥41,3.22%,"¥12,475",0,0,2,0,1,0,,,,,3,"¥4,158","¥2,118","¥1,884",0.98%,,#DIV/0!,0.00%,,8,"¥1,559",2.62%,,,,,,,
44,2月13日(金) ,"9,006","¥1,396",306,¥41,3.40%,"¥12,576",0,0,2,2,5,0,,,,,9,"¥1,397","¥1,978","¥1,778",2.94%,,#DIV/0!,0.00%,,21,¥599,6.86%,,,,,,,
45,2月14日(土) ,"9,523","¥1,335",340,¥37,3.57%,"¥12,716",0,0,4,3,4,0,,,,,11,"¥1,156","¥1,642","¥1,568",3.24%,,#DIV/0!,0.00%,,15,¥848,4.41%,,,,,,,
46,2月15日(日) ,"11,454","¥1,270",380,¥38,3.32%,"¥14,544",0,0,4,2,4,0,,,,,10,"¥1,454","¥1,328","¥1,657",2.63%,,#DIV/0!,0.00%,,10,"¥1,454",2.63%,,,,,,,
47,2月16日(月) ,"8,938","¥1,436",265,¥48,2.96%,"¥12,838",0,0,0,2,4,0,,,,,6,"¥2,140","¥1,485","¥1,682",2.26%,,#DIV/0!,0.00%,,,#DIV/0!,0.00%,,,,,,,
48,2月17日(火) ,"5,739","¥2,201",190,¥66,3.31%,"¥12,629",0,0,3,0,6,0,,,,,9,"¥1,403","¥1,600","¥1,642",4.74%,,#DIV/0!,0.00%,,,#DIV/0!,0.00%,,,,,,,
49,2月18日(水) ,"4,520","¥2,350",175,¥61,3.87%,"¥10,624",0,0,3,0,2,0,,,,,5,"¥2,125","¥1,805","¥1,668",2.86%,,#DIV/0!,0.00%,,,#DIV/0!,0.00%,,,,,,,
50,2月19日(木) ,"5,211","¥2,458",219,¥58,4.20%,"¥12,807",0,0,0,1,1,0,,,,,2,"¥6,404","¥2,254","¥1,706",0.91%,,#DIV/0!,0.00%,,,#DIV/0!,0.00%,,,,,,,
51,2月20日(金) ,"5,589","¥2,534",145,¥98,2.59%,"¥14,164",0,0,1,0,3,0,,,,,4,"¥3,541","¥3,418","¥1,922",2.76%,,#DIV/0!,0.00%,,,#DIV/0!,0.00%,,,,,,,
52,2月21日(土) ,"4,725","¥2,819",130,¥102,2.75%,"¥13,321",0,0,1,0,0,0,,,,,1,"¥13,321","¥5,756","¥2,457",0.77%,,#DIV/0!,0.00%,,,#DIV/0!,0.00%,,,,,,,
53,2月22日(日) ,"4,706","¥3,544",153,¥109,3.25%,"¥16,678",0,0,0,2,1,0,,,,,3,"¥5,559","¥5,520","¥3,102",1.96%,,#DIV/0!,0.00%,,,#DIV/0!,0.00%,,,,,,,
54,2月23日(月) ,"3,297","¥2,992",137,¥72,4.16%,"¥9,866",0,0,2,2,0,0,,,,,4,"¥2,467","¥4,983","¥3,217",2.92%,,#DIV/0!,0.00%,,,#DIV/0!,0.00%,,,,,,,
55,2月24日(火) ,"4,556","¥2,742",145,¥86,3.18%,"¥12,491",0,0,0,0,0,0,,,,,0,#DIV/0!,"¥5,576","¥4,734",0.00%,,#DIV/0!,0.00%,,,#DIV/0!,0.00%,,,,,,,
56,2月25日(水) ,"4,556","¥3,127",122,¥117,2.68%,"¥14,246",0,0,0,2,3,0,,,,,5,"¥2,849","¥4,067","¥4,925",4.10%,,#DIV/0!,0.00%,,,#DIV/0!,0.00%,,,,,,,
57,2月26日(木) ,"4,122","¥3,093",141,¥90,3.42%,"¥12,751",0,0,2,1,2,1,,,,,6,"¥2,125","¥3,590","¥4,066",4.26%,,#DIV/0!,0.00%,,,#DIV/0!,0.00%,#DIV/0!,,,,,,
58,2月27日(金) ,"2,400","¥3,006",88,¥82,3.67%,"¥7,214",0,0,0,0,0,0,,,,,0,#DIV/0!,"¥3,110","¥4,556",0.00%,,#DIV/0!,0.00%,,,#DIV/0!,0.00%,#DIV/0!,,,,,,
59,2月28日(土) ,"12,632","¥1,539",250,¥78,1.98%,"¥19,444",0,0,2,2,0,0,,,,,4,"¥4,861","¥3,941","¥4,213",1.60%,,#DIV/0!,0.00%,,6,"¥3,241",2.40%,66.67%,,,,,,
60,3月1日(日) ,"5,963","¥2,904",155,¥112,2.60%,"¥17,314",0,0,2,1,0,0,,,,,3,"¥5,771","¥6,282","¥4,242",1.94%,,#DIV/0!,0.00%,,6,"¥2,886",3.87%,50.00%,,,,,,
61,3月2日(月) ,"5,613","¥2,223",220,¥57,3.92%,"¥12,478",0,0,2,0,0,0,,,,,2,"¥6,239","¥5,471","¥4,797",0.91%,,#DIV/0!,0.00%,,9,"¥1,386",4.09%,22.22%,,,,,,
62,3月3日(火) ,"4,247","¥1,836",176,¥44,4.14%,"¥7,796",2,0,0,0,0,2,,,,,4,"¥1,949","¥4,176","¥3,802",2.27%,,#DIV/0!,0.00%,,11,¥709,6.25%,36.36%,,,,,,
63,3月4日(水) ,"3,359","¥2,232",151,¥50,4.50%,"¥7,497",0,0,2,0,0,1,,,,,3,"¥2,499","¥3,086","¥3,841",1.99%,,#DIV/0!,0.00%,,9,¥833,5.96%,33.33%,,,,,,
64,3月5日(木) ,"4,510","¥2,898",218,¥60,4.83%,"¥13,071",1,0,2,0,0,0,,,,,3,"¥4,357","¥2,836","¥4,464",1.38%,,#DIV/0!,0.00%,,17,¥769,7.80%,17.65%,,,,,,
65,3月6日(金) ,"5,252","¥2,689",226,¥62,4.30%,"¥14,121",1,0,5,0,0,0,,,,,6,"¥2,354","¥2,891","¥3,669",2.65%,,#DIV/0!,0.00%,,18,¥785,7.96%,33.33%,,,,,,
66,3月7日(土) ,"6,013","¥2,397",298,¥48,4.96%,"¥14,416",2,0,2,0,0,1,,,,,5,"¥2,883","¥2,972","¥3,334",1.68%,,#DIV/0!,0.00%,,17,¥848,5.70%,29.41%,,,,,,
67,3月8日(日) ,"6,241","¥2,371",268,¥55,4.29%,"¥14,796",4,0,3,1,0,0,,,,,8,"¥1,850","¥2,281","¥2,715",2.99%,,#DIV/0!,0.00%,,16,¥925,5.97%,50.00%,,,,,,
68,3月9日(月) ,"5,900","¥2,261",283,¥47,4.80%,"¥13,338",0,0,7,0,0,2,,,,,9,"¥1,482","¥1,934","¥2,238",3.18%,,#DIV/0!,0.00%,,17,¥785,6.01%,52.94%,,,,,,
69,3月10日(火) ,"5,030","¥2,201",234,¥47,4.65%,"¥11,073",2,0,2,0,0,1,,,,,5,"¥2,215","¥1,782","¥2,264",2.14%,,#DIV/0!,0.00%,,15,¥738,6.41%,33.33%,,,,,,
70,3月11日(水) ,"5,263","¥2,027",245,¥44,4.66%,"¥10,667",0,0,3,0,0,1,,,,,4,"¥2,667","¥1,949","¥2,287",1.63%,,#DIV/0!,0.00%,,9,"¥1,185",3.67%,44.44%,,,,,,
71,3月12日(木) ,"5,679","¥1,866",247,¥43,4.35%,"¥10,597",3,0,5,0,0,2,,,,,10,"¥1,060","¥1,702","¥1,894",4.05%,,#DIV/0!,0.00%,,21,¥505,8.50%,47.62%,,,,,,
72,3月13日(金) ,"4,676","¥2,258",209,¥51,4.47%,"¥10,559",0,0,0,0,0,1,,,,,1,"¥10,559","¥2,122","¥2,034",0.48%,,#DIV/0!,0.00%,,6,"¥1,760",2.87%,16.67%,,,,,,
73,3月14日(土) ,"5,100","¥2,122",209,¥52,4.10%,"¥10,822",1,0,4,0,0,2,,,,,7,"¥1,546","¥1,777","¥1,860",3.35%,,#DIV/0!,0.00%,,11,¥984,5.26%,63.64%,,,,,,
74,3月15日(日) ,"5,978","¥2,029",248,¥49,4.15%,"¥12,131",1,0,4,0,0,1,,,,,6,"¥2,022","¥2,394","¥1,885",2.42%,,#DIV/0!,0.00%,,19,¥638,7.66%,31.58%,,,,,,
75,3月16日(月) ,"5,338","¥2,120",243,¥47,4.55%,"¥11,318",3,0,7,0,0,0,,,,,10,"¥1,132","¥1,490","¥1,795",4.12%,,#DIV/0!,0.00%,,15,¥755,6.17%,66.67%,,,,,,
76,3月17日(火) ,"4,703","¥2,343",202,¥55,4.30%,"¥11,021",0,0,2,0,0,0,,,,,2,"¥5,511","¥1,915","¥1,928",0.99%,,#DIV/0!,0.00%,,7,"¥1,574",3.47%,28.57%,,,,,,
77,3月18日(水) ,"4,646","¥2,276",208,¥51,4.48%,"¥10,575",4,0,2,0,0,0,,,,,6,"¥1,763","¥1,829","¥1,834",2.88%,,#DIV/0!,0.00%,,12,¥881,5.77%,50.00%,,,,,,
78,3月19日(木) ,"4,397","¥2,398",181,¥58,4.12%,"¥10,544",1,0,3,0,0,0,,,,,4,"¥2,636","¥2,678","¥2,138",2.21%,,#DIV/0!,0.00%,,10,"¥1,054",5.52%,40.00%,,,,,,
79,3月20日(金) ,"5,432","¥1,943",211,¥50,3.88%,"¥10,557",1,0,4,0,0,2,,,,,7,"¥1,508","¥1,863","¥1,833",3.32%,,#DIV/0!,0.00%,,14,¥754,6.64%,50.00%,,,,,,
80,3月21日(土) ,"5,789","¥1,850",252,¥43,4.35%,"¥10,712",0,0,7,0,0,0,,,,,7,"¥1,530","¥1,767","¥1,830",2.78%,,#DIV/0!,0.00%,,10,"¥1,071",3.97%,70.00%,,,,,,
81,3月22日(日) ,"5,965","¥2,020",260,¥46,4.36%,"¥12,051",1,0,2,0,0,0,,,,,3,"¥4,017","¥1,960","¥1,969",1.15%,,#DIV/0!,0.00%,,12,"¥1,004",4.62%,25.00%,,,,,,
82,3月23日(月) ,"5,512","¥2,051",273,¥41,4.95%,"¥11,304",2,0,2,0,0,1,,,,,5,"¥2,261","¥2,271","¥2,258",1.83%,,#DIV/0!,0.00%,,12,¥942,4.40%,41.67%,,,,,,
83,3月24日(火) ,"4,929","¥2,232",207,¥53,4.20%,"¥11,001",2,0,3,0,0,0,,,,,5,"¥2,200","¥2,643","¥2,074",2.42%,,#DIV/0!,0.00%,,10,"¥1,100",4.83%,50.00%,,,,,,
84,3月25日(水) ,"4,761","¥2,240",177,¥60,3.72%,"¥10,663",2,0,2,0,0,0,,,,,4,"¥2,666","¥2,355","¥2,195",2.26%,,#DIV/0!,0.00%,,13,¥820,7.34%,30.77%,,,,,,
85,3月26日(木) ,"5,145","¥2,528",226,¥58,4.39%,"¥13,004",2,0,6,0,0,0,,,,,8,"¥1,626","¥2,039","¥2,033",3.54%,,#DIV/0!,0.00%,,13,"¥1,000",5.75%,61.54%,,,,,,
86,3月27日(金) ,"6,943","¥2,075",307,¥47,4.42%,"¥14,409",0,0,8,0,0,0,,,,,8,"¥1,801","¥1,904","¥2,079",2.61%,,#DIV/0!,0.00%,,12,"¥1,201",3.91%,66.67%,,,,,,
87,3月28日(土) ,"7,464","¥1,987",323,¥46,4.33%,"¥14,832",0,0,7,0,0,0,,,,,7,"¥2,119","¥1,837","¥2,182",2.17%,,#DIV/0!,0.00%,,15,¥989,4.64%,46.67%,,,,,,
88,3月29日(日) ,"8,156","¥1,944",335,¥47,4.11%,"¥15,852",0,0,8,0,0,0,,,,,8,"¥1,982","¥1,961","¥2,024",2.39%,,#DIV/0!,0.00%,,15,"¥1,057",4.48%,53.33%,,,,,,
89,3月30日(月) ,"7,005","¥2,171",334,¥46,4.77%,"¥15,208",1,0,7,0,0,0,,,,,8,"¥1,901","¥1,995","¥1,979",2.40%,,#DIV/0!,0.00%,,19,¥800,5.69%,42.11%,,,,,,
90,3月31日(火) ,"7,451","¥2,076",319,¥48,4.28%,"¥15,465",2,0,9,0,1,1,,,,,13,"¥1,190","¥1,604","¥1,776",4.08%,,#DIV/0!,0.00%,,24,¥644,7.52%,54.17%,,,,,,
91,4月1日(水) ,"8,535","¥1,788",362,¥42,4.24%,"¥15,261",3,0,6,0,0,0,,,,,9,"¥1,696","¥1,531","¥1,705",2.49%,,#DIV/0!,0.00%,,21,¥727,5.80%,42.86%,,,,,,
92,4月2日(木) ,"7,667","¥1,917",321,¥46,4.19%,"¥14,694",1,0,11,0,1,0,,,,,13,"¥1,130","¥1,298","¥1,602",4.05%,,#DIV/0!,0.00%,,19,¥773,5.92%,68.42%,,,,,,
93,4月3日(金) ,"7,326","¥1,918",302,¥47,4.12%,"¥14,052",0,0,2,0,0,0,,,,,2,"¥7,026","¥1,834","¥1,756",0.66%,,#DIV/0!,0.00%,,5,"¥2,810",1.66%,40.00%,,,,,,
94,4月4日(土) ,"7,851","¥1,840",349,¥41,4.45%,"¥14,442",0,0,8,0,0,0,,,,,8,"¥1,805","¥1,878","¥1,721",2.29%,,#DIV/0!,0.00%,,5,"¥2,888",1.43%,160.00%,,,,,,
95,4月5日(日) ,"8,487","¥1,913",392,¥41,4.62%,"¥16,239",2,0,5,0,1,0,,,,,8,"¥2,030","¥2,485","¥1,727",2.04%,,#DIV/0!,0.00%,,26,¥625,6.63%,30.77%,,,,,,
96,4月6日(月) ,"15,961","¥1,613",536,¥48,3.36%,"¥25,750",1,0,8,0,0,0,,,,,9,"¥2,861","¥2,257","¥1,869",1.68%,,#DIV/0!,0.00%,,28,¥920,5.22%,32.14%,,,,,,
97,4月7日(火) ,"9,881","¥1,829",377,¥48,3.82%,"¥18,073",0,4,1,0,0,1,,,,,6,"¥3,012","¥2,611","¥2,155",1.59%,,#DIV/0!,0.00%,,18,"¥1,004",4.77%,33.33%,,,,,,
98,4月8日(水) ,"8,323","¥1,905",364,¥44,4.37%,"¥15,855",1,6,2,0,0,0,,,,,9,"¥1,762","¥2,487","¥2,166",2.47%,,#DIV/0!,0.00%,,17,¥933,4.67%,52.94%,,,,,,
99,4月9日(木) ,"9,342","¥1,661",332,¥47,3.55%,"¥15,520",0,7,1,0,0,1,,,,,9,"¥1,724","¥2,060","¥2,352",2.71%,,#DIV/0!,0.00%,,21,¥739,6.33%,42.86%,,,,,,
100,4月10日(金) ,"10,042","¥1,572",458,¥34,4.56%,"¥15,788",0,6,0,0,0,1,,,,,7,"¥2,255","¥1,887","¥2,173",1.53%,,#DIV/0!,0.00%,,18,¥877,3.93%,38.89%,,,,,,
101,4月11日(土) ,"10,258","¥1,478",456,¥33,4.45%,"¥15,165",0,8,0,0,0,0,,,,,8,"¥1,896","¥1,936","¥2,186",1.75%,,#DIV/0!,0.00%,,17,¥892,3.73%,47.06%,,,,,,
102,4月12日(日) ,"11,636","¥1,402",583,¥28,5.01%,"¥16,310",0,9,0,0,0,0,,,,,9,"¥1,812","¥1,969","¥2,148",1.54%,,#DIV/0!,0.00%,,20,¥816,3.43%,45.00%,,,,,,
103,4月13日(月) ,"10,184","¥1,548",431,¥37,4.23%,"¥15,768",0,10,0,0,0,0,,,,,10,"¥1,577","¥1,750","¥1,939",2.32%,,#DIV/0!,0.00%,,17,¥928,3.94%,58.82%,,,,,,
104,4月14日(火) ,"9,079","¥1,658",393,¥38,4.33%,"¥15,051",0,10,1,0,0,1,,,,,12,"¥1,254","¥1,520","¥1,710",3.05%,,#DIV/0!,0.00%,,22,¥684,5.60%,54.55%,,,,,,
105,4月15日(水) ,"10,055","¥1,433",390,¥37,3.88%,"¥14,406",1,9,0,0,0,0,,,,,10,"¥1,441","¥1,413","¥1,662",2.56%,,#DIV/0!,0.00%,,17,¥847,4.36%,58.82%,,,,,,
106,4月16日(木) ,"10,073","¥1,418",344,¥42,3.42%,"¥14,283",0,5,1,0,0,0,,,,,6,"¥2,381","¥1,562","¥1,722",1.74%,,#DIV/0!,0.00%,,13,"¥1,099",3.78%,46.15%,,,,,,
107,4月17日(金) ,"9,617","¥1,555",376,¥40,3.91%,"¥14,955",0,8,0,0,1,0,,,,,9,"¥1,662","¥1,746","¥1,655",2.39%,,#DIV/0!,0.00%,,13,"¥1,150",3.46%,69.23%,,,,,,
108,4月18日(土) ,"8,843","¥1,592",452,¥31,5.11%,"¥14,077",0,9,1,0,0,0,,,,,10,"¥1,408","¥1,733","¥1,589",2.21%,,#DIV/0!,0.00%,,12,"¥1,173",2.65%,83.33%,,,,,,
109,4月19日(日) ,"7,712","¥1,933",350,¥43,4.54%,"¥14,906",0,6,0,0,0,3,,,,,9,"¥1,656","¥1,569","¥1,567",2.57%,,#DIV/0!,0.00%,,14,"¥1,065",4.00%,64.29%,,,,,,
110,4月20日(月) ,"7,171","¥1,956",283,¥50,3.95%,"¥14,026",0,10,0,0,1,0,,,,,11,"¥1,275","¥1,434","¥1,518",3.89%,,#DIV/0!,0.00%,,20,¥701,7.07%,55.00%,,,,,,
111,4月21日(火) ,"7,232","¥2,122",276,¥56,3.82%,"¥15,347",0,10,0,0,1,0,,,,,11,"¥1,395","¥1,428","¥1,545",3.99%,,#DIV/0!,0.00%,,20,¥767,7.25%,55.00%,,,,,,
112,4月22日(水) ,"7,332","¥2,096",278,¥55,3.79%,"¥15,369",0,6,0,0,2,0,,,,,8,"¥1,921","¥1,491","¥1,609",2.88%,,#DIV/0!,0.00%,,12,"¥1,281",4.32%,66.67%,,,,,,
113,4月23日(木) ,"8,225","¥2,008",390,¥42,4.74%,"¥16,516",0,7,2,0,3,0,,,,,12,"¥1,376","¥1,524","¥1,503",3.08%,,#DIV/0!,0.00%,,22,¥751,5.64%,54.55%,,,,,,
114,4月24日(金) ,"7,115","¥2,097",291,¥51,4.09%,"¥14,918",0,5,0,0,0,0,,,,,5,"¥2,984","¥1,872","¥1,593",1.72%,,#DIV/0!,0.00%,,13,"¥1,148",4.47%,38.46%,,,,,,
115,4月25日(土) ,"7,691","¥1,687",310,¥42,4.03%,"¥12,973",0,3,0,4,0,1,,,,,8,"¥1,622","¥1,776","¥1,626",2.58%,,#DIV/0!,0.00%,,16,¥811,5.16%,50.00%,,,,,,
116,4月26日(日) ,"9,278","¥1,762",426,¥38,4.59%,"¥16,351",0,9,2,1,0,0,,,,,12,"¥1,363","¥1,770","¥1,575",2.82%,,#DIV/0!,0.00%,,22,¥743,5.16%,54.55%,,,,,,
117,4月27日(月) ,,,,,,,,,,,,,,,,,0,,,,,,#DIV/0!,0.00%,,,#DIV/0!,#DIV/0!,#DIV/0!,,,,,,
118,4月28日(火) ,,,,,,,,,,,,,,,,,0,,,,,,#DIV/0!,0.00%,,,#DIV/0!,#DIV/0!,#DIV/0!,,,,,,
119,4月29日(水) ,,,,,,,,,,,,,,,,,0,,,,,,#DIV/0!,0.00%,,,#DIV/0!,#DIV/0!,#DIV/0!,,,,,,
120,4月30日(木) ,,,,,,,,,,,,,,,,,0,,,,,,#DIV/0!,0.00%,,,#DIV/0!,#DIV/0!,#DIV/0!,,,,,,
121,5月1日(金) ,,,,,,,,,,,,,,,,,0,,,,,,#DIV/0!,0.00%,,,#DIV/0!,#DIV/0!,#DIV/0!,,,,,,
122,5月2日(土) ,,,,,,,,,,,,,,,,,0,,,,,,#DIV/0!,0.00%,,,#DIV/0!,#DIV/0!,#DIV/0!,,,,,,
123,5月3日(日) ,,,,,,,,,,,,,,,,,0,,,,,,#DIV/0!,0.00%,,,#DIV/0!,#DIV/0!,#DIV/0!,,,,,,
124,5月4日(月) ,,,,,,,,,,,,,,,,,0,,,,,,#DIV/0!,0.00%,,,#DIV/0!,#DIV/0!,#DIV/0!,,,,,,
125,5月5日(火) ,,,,,,,,,,,,,,,,,0,,,,,,#DIV/0!,0.00%,,,#DIV/0!,#DIV/0!,#DIV/0!,,,,,,
126,5月6日(水) ,,,,,,,,,,,,,,,,,0,,,,,,#DIV/0!,0.00%,,,#DIV/0!,#DIV/0!,#DIV/0!,,,,,,
127,5月7日(木) ,,,,,,,,,,,,,,,,,0,,,,,,#DIV/0!,0.00%,,,#DIV/0!,#DIV/0!,#DIV/0!,,,,,,
128,5月8日(金) ,,,,,,,,,,,,,,,,,0,,,,,,#DIV/0!,0.00%,,,#DIV/0!,#DIV/0!,#DIV/0!,,,,,,
129,5月9日(土) ,,,,,,,,,,,,,,,,,0,,,,,,#DIV/0!,0.00%,,,#DIV/0!,#DIV/0!,#DIV/0!,,,,,,
130,5月10日(日) ,,,,,,,,,,,,,,,,,0,,,,,,#DIV/0!,0.00%,,,#DIV/0!,#DIV/0!,#DIV/0!,,,,,,
131,5月11日(月) ,,,,,,,,,,,,,,,,,0,,,,,,#DIV/0!,0.00%,,,#DIV/0!,#DIV/0!,#DIV/0!,,,,,,
132,5月12日(火) ,,,,,,,,,,,,,,,,,0,,,,,,#DIV/0!,0.00%,,,#DIV/0!,#DIV/0!,#DIV/0!,,,,,,
133,5月13日(水) ,,,,,,,,,,,,,,,,,0,,,,,,#DIV/0!,0.00%,,,#DIV/0!,#DIV/0!,#DIV/0!,,,,,,
134,5月14日(木) ,,,,,,,,,,,,,,,,,0,,,,,,#DIV/0!,0.00%,,,#DIV/0!,#DIV/0!,#DIV/0!,,,,,,
135,5月15日(金) ,,,,,,,,,,,,,,,,,0,,,,,,#DIV/0!,0.00%,,,#DIV/0!,#DIV/0!,#DIV/0!,,,,,,
136,5月16日(土) ,,,,,,,,,,,,,,,,,0,,,,,,#DIV/0!,0.00%,,,#DIV/0!,#DIV/0!,#DIV/0!,,,,,,
137,5月17日(日) ,,,,,,,,,,,,,,,,,0,,,,,,#DIV/0!,0.00%,,,#DIV/0!,#DIV/0!,#DIV/0!,,,,,,
138,5月18日(月) ,,,,,,,,,,,,,,,,,0,,,,,,#DIV/0!,0.00%,,,#DIV/0!,#DIV/0!,#DIV/0!,,,,,,
139,5月19日(火) ,,,,,,,,,,,,,,,,,0,,,,,,#DIV/0!,0.00%,,,#DIV/0!,#DIV/0!,#DIV/0!,,,,,,
140,5月20日(水) ,,,,,,,,,,,,,,,,,0,,,,,,#DIV/0!,0.00%,,,#DIV/0!,#DIV/0!,#DIV/0!,,,,,,
141,5月21日(木) ,,,,,,,,,,,,,,,,,0,,,,,,#DIV/0!,0.00%,,,#DIV/0!,#DIV/0!,#DIV/0!,,,,,,
142,5月22日(金) ,,,,,,,,,,,,,,,,,0,,,,,,#DIV/0!,0.00%,,,#DIV/0!,#DIV/0!,#DIV/0!,,,,,,
143,5月23日(土) ,,,,,,,,,,,,,,,,,0,,,,,,#DIV/0!,0.00%,,,#DIV/0!,#DIV/0!,#DIV/0!,,,,,,
144,5月24日(日) ,,,,,,,,,,,,,,,,,0,,,,,,#DIV/0!,0.00%,,,#DIV/0!,#DIV/0!,#DIV/0!,,,,,,
145,5月25日(月) ,,,,,,,,,,,,,,,,,0,,,,,,#DIV/0!,0.00%,,,#DIV/0!,#DIV/0!,#DIV/0!,,,,,,
146,5月26日(火) ,,,,,,,,,,,,,,,,,0,,,,,,#DIV/0!,0.00%,,,#DIV/0!,#DIV/0!,#DIV/0!,,,,,,
147,5月27日(水) ,,,,,,,,,,,,,,,,,0,,,,,,#DIV/0!,0.00%,,,#DIV/0!,#DIV/0!,#DIV/0!,,,,,,
148,5月28日(木) ,,,,,,,,,,,,,,,,,0,,,,,,#DIV/0!,0.00%,,,#DIV/0!,#DIV/0!,#DIV/0!,,,,,,
149,5月29日(金) ,,,,,,,,,,,,,,,,,0,,,,,,#DIV/0!,0.00%,,,#DIV/0!,#DIV/0!,#DIV/0!,,,,,,
150,5月30日(土) ,,,,,,,,,,,,,,,,,0,,,,,,#DIV/0!,0.00%,,,#DIV/0!,#DIV/0!,#DIV/0!,,,,,,
151,5月31日(日) ,,,,,,,,,,,,,,,,,0,,,,,,#DIV/0!,0.00%,,,#DIV/0!,#DIV/0!,#DIV/0!,,,,,,
152,6月1日(月) ,,,,,,,,,,,,,,,,,0,,,,,,#DIV/0!,0.00%,,,#DIV/0!,#DIV/0!,#DIV/0!,,,,,,
153,6月2日(火) ,,,,,,,,,,,,,,,,,0,,,,,,#DIV/0!,0.00%,,,#DIV/0!,#DIV/0!,#DIV/0!,,,,,,
154,6月3日(水) ,,,,,,,,,,,,,,,,,0,,,,,,#DIV/0!,0.00%,,,#DIV/0!,#DIV/0!,#DIV/0!,,,,,,
155,6月4日(木) ,,,,,,,,,,,,,,,,,0,,,,,,#DIV/0!,0.00%,,,#DIV/0!,#DIV/0!,#DIV/0!,,,,,,
156,6月5日(金) ,,,,,,,,,,,,,,,,,0,,,,,,#DIV/0!,0.00%,,,#DIV/0!,#DIV/0!,#DIV/0!,,,,,,
157,6月6日(土) ,,,,,,,,,,,,,,,,,0,,,,,,#DIV/0!,0.00%,,,#DIV/0!,#DIV/0!,#DIV/0!,,,,,,
158,6月7日(日) ,,,,,,,,,,,,,,,,,0,,,,,,#DIV/0!,0.00%,,,#DIV/0!,#DIV/0!,#DIV/0!,,,,,,
159,6月8日(月) ,,,,,,,,,,,,,,,,,0,,,,,,#DIV/0!,0.00%,,,#DIV/0!,#DIV/0!,#DIV/0!,,,,,,
160,6月9日(火) ,,,,,,,,,,,,,,,,,0,,,,,,#DIV/0!,0.00%,,,#DIV/0!,#DIV/0!,#DIV/0!,,,,,,
161,6月10日(水) ,,,,,,,,,,,,,,,,,0,,,,,,#DIV/0!,0.00%,,,#DIV/0!,#DIV/0!,#DIV/0!,,,,,,
162,6月11日(木) ,,,,,,,,,,,,,,,,,0,,,,,,#DIV/0!,0.00%,,,#DIV/0!,#DIV/0!,#DIV/0!,,,,,,
163,6月12日(金) ,,,,,,,,,,,,,,,,,0,,,,,,#DIV/0!,0.00%,,,#DIV/0!,#DIV/0!,#DIV/0!,,,,,,
164,6月13日(土) ,,,,,,,,,,,,,,,,,0,,,,,,#DIV/0!,0.00%,,,#DIV/0!,#DIV/0!,#DIV/0!,,,,,,
165,6月14日(日) ,,,,,,,,,,,,,,,,,0,,,,,,#DIV/0!,0.00%,,,#DIV/0!,#DIV/0!,#DIV/0!,,,,,,
166,6月15日(月) ,,,,,,,,,,,,,,,,,0,,,,,,#DIV/0!,0.00%,,,#DIV/0!,#DIV/0!,#DIV/0!,,,,,,
167,6月16日(火) ,,,,,,,,,,,,,,,,,0,,,,,,#DIV/0!,0.00%,,,#DIV/0!,#DIV/0!,#DIV/0!,,,,,,
168,6月17日(水) ,,,,,,,,,,,,,,,,,0,,,,,,#DIV/0!,0.00%,,,#DIV/0!,#DIV/0!,#DIV/0!,,,,,,
169,6月18日(木) ,,,,,,,,,,,,,,,,,0,,,,,,#DIV/0!,0.00%,,,#DIV/0!,#DIV/0!,#DIV/0!,,,,,,
170,6月19日(金) ,,,,,,,,,,,,,,,,,0,,,,,,#DIV/0!,0.00%,,,#DIV/0!,#DIV/0!,#DIV/0!,,,,,,
171,6月20日(土) ,,,,,,,,,,,,,,,,,0,,,,,,#DIV/0!,0.00%,,,#DIV/0!,#DIV/0!,#DIV/0!,,,,,,
172,6月21日(日) ,,,,,,,,,,,,,,,,,0,,,,,,#DIV/0!,0.00%,,,#DIV/0!,#DIV/0!,#DIV/0!,,,,,,
173,6月22日(月) ,,,,,,,,,,,,,,,,,0,,,,,,#DIV/0!,0.00%,,,#DIV/0!,#DIV/0!,#DIV/0!,,,,,,
174,6月23日(火) ,,,,,,,,,,,,,,,,,0,,,,,,#DIV/0!,0.00%,,,#DIV/0!,#DIV/0!,#DIV/0!,,,,,,
175,6月24日(水) ,,,,,,,,,,,,,,,,,0,,,,,,#DIV/0!,0.00%,,,#DIV/0!,#DIV/0!,#DIV/0!,,,,,,
176,6月25日(木) ,,,,,,,,,,,,,,,,,0,,,,,,#DIV/0!,0.00%,,,#DIV/0!,#DIV/0!,#DIV/0!,,,,,,
177,6月26日(金) ,,,,,,,,,,,,,,,,,0,,,,,,#DIV/0!,0.00%,,,#DIV/0!,#DIV/0!,#DIV/0!,,,,,,
178,6月27日(土) ,,,,,,,,,,,,,,,,,0,,,,,,#DIV/0!,0.00%,,,,#DIV/0!,#DIV/0!,,,,,,
179,6月28日(日) ,,,,,,,,,,,,,,,,,0,,,,,,#DIV/0!,0.00%,,,#DIV/0!,#DIV/0!,#DIV/0!,,,,,,
180,6月29日(月) ,,,,,,,,,,,,,,,,,0,,,,,,#DIV/0!,0.00%,,,#DIV/0!,#DIV/0!,#DIV/0!,,,,,,
181,6月30日(火) ,,,,,,,,,,,,,,,,,0,,,,,,#DIV/0!,0.00%,,,#DIV/0!,#DIV/0!,#DIV/0!,,,,,,
182,7月1日(水) ,,,,,,,,,,,,,,,,,0,,,,,,#DIV/0!,0.00%,,,#DIV/0!,#DIV/0!,#DIV/0!,,,,,,
183,7月2日(木) ,,,,,,,,,,,,,,,,,0,,,,,,#DIV/0!,0.00%,,,#DIV/0!,#DIV/0!,#DIV/0!,,,,,,
184,7月3日(金) ,,,,,,,,,,,,,,,,,0,,,,,,#DIV/0!,0.00%,,,#DIV/0!,#DIV/0!,#DIV/0!,,,,,,
185,7月4日(土) ,,,,,,,,,,,,,,,,,0,,,,,,#DIV/0!,0.00%,,,#DIV/0!,#DIV/0!,#DIV/0!,,,,,,
186,7月5日(日) ,,,,,,,,,,,,,,,,,0,,,,,,#DIV/0!,0.00%,,,#DIV/0!,#DIV/0!,#DIV/0!,,,,,,
187,7月6日(月) ,,,,,,,,,,,,,,,,,0,,,,,,#DIV/0!,0.00%,,,#DIV/0!,#DIV/0!,#DIV/0!,,,,,,
188,7月7日(火) ,,,,,,,,,,,,,,,,,0,,,,,,#DIV/0!,0.00%,,,#DIV/0!,#DIV/0!,#DIV/0!,,,,,,
189,7月8日(水) ,,,,,,,,,,,,,,,,,0,,,,,,#DIV/0!,0.00%,,,#DIV/0!,#DIV/0!,#DIV/0!,,,,,,
190,7月9日(木) ,,,,,,,,,,,,,,,,,0,,,,,,#DIV/0!,0.00%,,,#DIV/0!,#DIV/0!,#DIV/0!,,,,,,
191,7月10日(金) ,,,,,,,,,,,,,,,,,0,,,,,,#DIV/0!,0.00%,,,#DIV/0!,#DIV/0!,#DIV/0!,,,,,,
192,7月11日(土) ,,,,,,,,,,,,,,,,,0,,,,,,#DIV/0!,0.00%,,,#DIV/0!,#DIV/0!,#DIV/0!,,,,,,
193,7月12日(日) ,,,,,,,,,,,,,,,,,0,,,,,,#DIV/0!,0.00%,,,#DIV/0!,#DIV/0!,#DIV/0!,,,,,,
194,7月13日(月) ,,,,,,,,,,,,,,,,,0,,,,,,#DIV/0!,0.00%,,,#DIV/0!,#DIV/0!,#DIV/0!,,,,,,
195,7月14日(火) ,,,,,,,,,,,,,,,,,0,,,,,,#DIV/0!,0.00%,,,#DIV/0!,#DIV/0!,#DIV/0!,,,,,,
196,7月15日(水) ,,,,,,,,,,,,,,,,,0,,,,,,#DIV/0!,0.00%,,,#DIV/0!,#DIV/0!,#DIV/0!,,,,,,
197,7月16日(木) ,,,,,,,,,,,,,,,,,0,,,,,,#DIV/0!,0.00%,,,#DIV/0!,#DIV/0!,#DIV/0!,,,,,,
198,7月17日(金) ,,,,,,,,,,,,,,,,,0,,,,,,#DIV/0!,0.00%,,,#DIV/0!,#DIV/0!,#DIV/0!,,,,,,
199,7月18日(土) ,,,,,,,,,,,,,,,,,0,,,,,,#DIV/0!,0.00%,,,#DIV/0!,#DIV/0!,#DIV/0!,,,,,,
200,7月19日(日) ,,,,,,,,,,,,,,,,,0,,,,,,#DIV/0!,0.00%,,,#DIV/0!,#DIV/0!,#DIV/0!,,,,,,
201,7月20日(月) ,,,,,,,,,,,,,,,,,0,,,,,,#DIV/0!,0.00%,,,#DIV/0!,#DIV/0!,#DIV/0!,,,,,,
202,7月21日(火) ,,,,,,,,,,,,,,,,,0,,,,,,#DIV/0!,0.00%,,,#DIV/0!,#DIV/0!,#DIV/0!,,,,,,
203,7月22日(水) ,,,,,,,,,,,,,,,,,0,,,,,,#DIV/0!,0.00%,,,#DIV/0!,#DIV/0!,#DIV/0!,,,,,,
204,7月23日(木) ,,,,,,,,,,,,,,,,,0,,,,,,#DIV/0!,0.00%,,,#DIV/0!,#DIV/0!,#DIV/0!,,,,,,
205,7月24日(金) ,,,,,,,,,,,,,,,,,0,,,,,,#DIV/0!,0.00%,,,#DIV/0!,#DIV/0!,#DIV/0!,,,,,,
206,7月25日(土) ,,,,,,,,,,,,,,,,,0,,,,,,#DIV/0!,0.00%,,,#DIV/0!,#DIV/0!,#DIV/0!,,,,,,
207,7月26日(日) ,,,,,,,,,,,,,,,,,0,,,,,,#DIV/0!,0.00%,,,#DIV/0!,#DIV/0!,#DIV/0!,,,,,,
208,7月27日(月) ,,,,,,,,,,,,,,,,,0,,,,,,#DIV/0!,0.00%,,,#DIV/0!,#DIV/0!,#DIV/0!,,,,,,
209,7月28日(火) ,,,,,,,,,,,,,,,,,0,,,,,,#DIV/0!,0.00%,,,#DIV/0!,#DIV/0!,#DIV/0!,,,,,,
210,7月29日(水) ,,,,,,,,,,,,,,,,,0,,,,,,#DIV/0!,0.00%,,,#DIV/0!,#DIV/0!,#DIV/0!,,,,,,
211,7月30日(木) ,,,,,,,,,,,,,,,,,0,,,,,,#DIV/0!,0.00%,,,#DIV/0!,#DIV/0!,#DIV/0!,,,,,,
212,7月31日(金) ,,,,,,,,,,,,,,,,,0,,,,,,#DIV/0!,0.00%,,,#DIV/0!,#DIV/0!,#DIV/0!,,,,,,
213,8月1日(土) ,,,,,,,,,,,,,,,,,0,,,,,,#DIV/0!,0.00%,,,#DIV/0!,#DIV/0!,#DIV/0!,,,,,,
214,8月2日(日) ,,,,,,,,,,,,,,,,,0,,,,,,#DIV/0!,0.00%,,,#DIV/0!,#DIV/0!,#DIV/0!,,,,,,
215,8月3日(月) ,,,,,,,,,,,,,,,,,0,,,,,,#DIV/0!,0.00%,,,#DIV/0!,#DIV/0!,#DIV/0!,,,,,,
216,8月4日(火) ,,,,,,,,,,,,,,,,,0,,,,,,#DIV/0!,0.00%,,,#DIV/0!,#DIV/0!,#DIV/0!,,,,,,
217,8月5日(水) ,,,,,,,,,,,,,,,,,0,,,,,,#DIV/0!,0.00%,,,#DIV/0!,#DIV/0!,#DIV/0!,,,,,,
218,8月6日(木) ,,,,,,,,,,,,,,,,,0,,,,,,#DIV/0!,0.00%,,,#DIV/0!,#DIV/0!,#DIV/0!,,,,,,
219,8月7日(金) ,,,,,,,,,,,,,,,,,0,,,,,,#DIV/0!,0.00%,,,#DIV/0!,#DIV/0!,#DIV/0!,,,,,,
220,8月8日(土) ,,,,,,,,,,,,,,,,,0,,,,,,#DIV/0!,0.00%,,,#DIV/0!,#DIV/0!,#DIV/0!,,,,,,
221,8月9日(日) ,,,,,,,,,,,,,,,,,0,,,,,,#DIV/0!,0.00%,,,#DIV/0!,#DIV/0!,#DIV/0!,,,,,,
222,8月10日(月) ,,,,,,,,,,,,,,,,,0,,,,,,#DIV/0!,0.00%,,,#DIV/0!,#DIV/0!,#DIV/0!,,,,,,
223,8月11日(火) ,,,,,,,,,,,,,,,,,0,,,,,,#DIV/0!,0.00%,,,#DIV/0!,#DIV/0!,#DIV/0!,,,,,,
224,8月12日(水) ,,,,,,,,,,,,,,,,,0,,,,,,#DIV/0!,0.00%,,,#DIV/0!,#DIV/0!,#DIV/0!,,,,,,
225,8月13日(木) ,,,,,,,,,,,,,,,,,0,,,,,,#DIV/0!,0.00%,,,#DIV/0!,#DIV/0!,#DIV/0!,,,,,,
226,8月14日(金) ,,,,,,,,,,,,,,,,,0,,,,,,#DIV/0!,0.00%,,,#DIV/0!,#DIV/0!,#DIV/0!,,,,,,
227,8月15日(土) ,,,,,,,,,,,,,,,,,0,,,,,,#DIV/0!,0.00%,,,#DIV/0!,#DIV/0!,#DIV/0!,,,,,,
228,8月16日(日) ,,,,,,,,,,,,,,,,,0,,,,,,#DIV/0!,0.00%,,,#DIV/0!,#DIV/0!,#DIV/0!,,,,,,
229,8月17日(月) ,,,,,,,,,,,,,,,,,0,,,,,,#DIV/0!,0.00%,,,#DIV/0!,#DIV/0!,#DIV/0!,,,,,,
230,8月18日(火) ,,,,,,,,,,,,,,,,,0,,,,,,#DIV/0!,0.00%,,,#DIV/0!,#DIV/0!,#DIV/0!,,,,,,
231,8月19日(水) ,,,,,,,,,,,,,,,,,0,,,,,,#DIV/0!,0.00%,,,#DIV/0!,#DIV/0!,#DIV/0!,,,,,,
232,8月20日(木) ,,,,,,,,,,,,,,,,,0,,,,,,#DIV/0!,0.00%,,,#DIV/0!,#DIV/0!,#DIV/0!,,,,,,
233,8月21日(金) ,,,,,,,,,,,,,,,,,0,,,,,,#DIV/0!,0.00%,,,#DIV/0!,#DIV/0!,#DIV/0!,,,,,,
234,8月22日(土) ,,,,,,,,,,,,,,,,,0,,,,,,#DIV/0!,0.00%,,,#DIV/0!,#DIV/0!,#DIV/0!,,,,,,
235,8月23日(日) ,,,,,,,,,,,,,,,,,0,,,,,,#DIV/0!,0.00%,,,#DIV/0!,#DIV/0!,#DIV/0!,,,,,,
236,8月24日(月) ,,,,,,,,,,,,,,,,,0,,,,,,#DIV/0!,0.00%,,,#DIV/0!,#DIV/0!,#DIV/0!,,,,,,
237,8月25日(火) ,,,,,,,,,,,,,,,,,0,,,,,,#DIV/0!,0.00%,,,#DIV/0!,#DIV/0!,#DIV/0!,,,,,,
238,8月26日(水) ,,,,,,,,,,,,,,,,,0,,,,,,#DIV/0!,0.00%,,,#DIV/0!,#DIV/0!,#DIV/0!,,,,,,
239,8月27日(木) ,,,,,,,,,,,,,,,,,0,,,,,,#DIV/0!,0.00%,,,#DIV/0!,#DIV/0!,#DIV/0!,,,,,,
240,8月28日(金) ,,,,,,,,,,,,,,,,,0,,,,,,#DIV/0!,0.00%,,,#DIV/0!,#DIV/0!,#DIV/0!,,,,,,
241,8月29日(土) ,,,,,,,,,,,,,,,,,0,,,,,,#DIV/0!,0.00%,,,#DIV/0!,#DIV/0!,#DIV/0!,,,,,,
242,8月30日(日) ,,,,,,,,,,,,,,,,,0,,,,,,#DIV/0!,0.00%,,,#DIV/0!,#DIV/0!,#DIV/0!,,,,,,
243,8月31日(月) ,,,,,,,,,,,,,,,,,0,,,,,,#DIV/0!,0.00%,,,#DIV/0!,#DIV/0!,#DIV/0!,,,,,,
244,9月1日(火) ,,,,,,,,,,,,,,,,,0,,,,,,#DIV/0!,0.00%,,,#DIV/0!,#DIV/0!,#DIV/0!,,,,,,
245,9月2日(水) ,,,,,,,,,,,,,,,,,0,,,,,,#DIV/0!,0.00%,,,#DIV/0!,#DIV/0!,#DIV/0!,,,,,,
246,9月3日(木) ,,,,,,,,,,,,,,,,,0,,,,,,#DIV/0!,0.00%,,,#DIV/0!,#DIV/0!,#DIV/0!,,,,,,
247,9月4日(金) ,,,,,,,,,,,,,,,,,0,,,,,,#DIV/0!,0.00%,,,#DIV/0!,#DIV/0!,#DIV/0!,,,,,,
248,9月5日(土) ,,,,,,,,,,,,,,,,,0,,,,,,#DIV/0!,0.00%,,,#DIV/0!,#DIV/0!,#DIV/0!,,,,,,
249,9月6日(日) ,,,,,,,,,,,,,,,,,0,,,,,,#DIV/0!,0.00%,,,#DIV/0!,#DIV/0!,#DIV/0!,,,,,,
250,9月7日(月) ,,,,,,,,,,,,,,,,,0,,,,,,#DIV/0!,0.00%,,,#DIV/0!,#DIV/0!,#DIV/0!,,,,,,
251,9月8日(火) ,,,,,,,,,,,,,,,,,0,,,,,,#DIV/0!,0.00%,,,#DIV/0!,#DIV/0!,#DIV/0!,,,,,,
252,9月9日(水) ,,,,,,,,,,,,,,,,,0,,,,,,#DIV/0!,0.00%,,,#DIV/0!,#DIV/0!,#DIV/0!,,,,,,
253,9月10日(木) ,,,,,,,,,,,,,,,,,0,,,,,,#DIV/0!,0.00%,,,#DIV/0!,#DIV/0!,#DIV/0!,,,,,,
254,9月11日(金) ,,,,,,,,,,,,,,,,,0,,,,,,#DIV/0!,0.00%,,,#DIV/0!,#DIV/0!,#DIV/0!,,,,,,
255,9月12日(土) ,,,,,,,,,,,,,,,,,0,,,,,,#DIV/0!,0.00%,,,#DIV/0!,#DIV/0!,#DIV/0!,,,,,,
256,9月13日(日) ,,,,,,,,,,,,,,,,,0,,,,,,#DIV/0!,0.00%,,,#DIV/0!,#DIV/0!,#DIV/0!,,,,,,
257,9月14日(月) ,,,,,,,,,,,,,,,,,0,,,,,,#DIV/0!,0.00%,,,#DIV/0!,#DIV/0!,#DIV/0!,,,,,,
258,9月15日(火) ,,,,,,,,,,,,,,,,,0,,,,,,#DIV/0!,0.00%,,,#DIV/0!,#DIV/0!,#DIV/0!,,,,,,
259,9月16日(水) ,,,,,,,,,,,,,,,,,0,,,,,,#DIV/0!,0.00%,,,#DIV/0!,#DIV/0!,#DIV/0!,,,,,,
260,9月17日(木) ,,,,,,,,,,,,,,,,,0,,,,,,#DIV/0!,0.00%,,,#DIV/0!,#DIV/0!,#DIV/0!,,,,,,
261,9月18日(金) ,,,,,,,,,,,,,,,,,0,,,,,,#DIV/0!,0.00%,,,#DIV/0!,#DIV/0!,#DIV/0!,,,,,,
262,9月19日(土) ,,,,,,,,,,,,,,,,,0,,,,,,#DIV/0!,0.00%,,,#DIV/0!,#DIV/0!,#DIV/0!,,,,,,
263,9月20日(日) ,,,,,,,,,,,,,,,,,0,,,,,,#DIV/0!,0.00%,,,#DIV/0!,#DIV/0!,#DIV/0!,,,,,,
264,9月21日(月) ,,,,,,,,,,,,,,,,,0,,,,,,#DIV/0!,0.00%,,,#DIV/0!,#DIV/0!,#DIV/0!,,,,,,
265,9月22日(火) ,,,,,,,,,,,,,,,,,0,,,,,,#DIV/0!,0.00%,,,#DIV/0!,#DIV/0!,#DIV/0!,,,,,,
266,9月23日(水) ,,,,,,,,,,,,,,,,,0,,,,,,#DIV/0!,0.00%,,,#DIV/0!,#DIV/0!,#DIV/0!,,,,,,
267,9月24日(木) ,,,,,,,,,,,,,,,,,0,,,,,,#DIV/0!,0.00%,,,#DIV/0!,#DIV/0!,#DIV/0!,,,,,,
268,9月25日(金) ,,,,,,,,,,,,,,,,,0,,,,,,#DIV/0!,0.00%,,,#DIV/0!,#DIV/0!,#DIV/0!,,,,,,
269,9月26日(土) ,,,,,,,,,,,,,,,,,0,,,,,,#DIV/0!,0.00%,,,#DIV/0!,#DIV/0!,#DIV/0!,,,,,,
270,9月27日(日) ,,,,,,,,,,,,,,,,,0,,,,,,#DIV/0!,0.00%,,,#DIV/0!,#DIV/0!,#DIV/0!,,,,,,
271,9月28日(月) ,,,,,,,,,,,,,,,,,0,,,,,,#DIV/0!,0.00%,,,#DIV/0!,#DIV/0!,#DIV/0!,,,,,,
272,9月29日(火) ,,,,,,,,,,,,,,,,,0,,,,,,#DIV/0!,0.00%,,,#DIV/0!,#DIV/0!,#DIV/0!,,,,,,
273,9月30日(水) ,,,,,,,,,,,,,,,,,0,,,,,,#DIV/0!,0.00%,,,#DIV/0!,#DIV/0!,#DIV/0!,,,,,,
274,10月1日(木) ,,,,,,,,,,,,,,,,,0,,,,,,#DIV/0!,0.00%,,,#DIV/0!,#DIV/0!,#DIV/0!,,,,,,
275,10月2日(金) ,,,,,,,,,,,,,,,,,0,,,,,,#DIV/0!,0.00%,,,#DIV/0!,#DIV/0!,#DIV/0!,,,,,,
276,10月3日(土) ,,,,,,,,,,,,,,,,,0,,,,,,#DIV/0!,0.00%,,,#DIV/0!,#DIV/0!,#DIV/0!,,,,,,
277,10月4日(日) ,,,,,,,,,,,,,,,,,0,,,,,,#DIV/0!,0.00%,,,#DIV/0!,#DIV/0!,#DIV/0!,,,,,,
278,10月5日(月) ,,,,,,,,,,,,,,,,,0,,,,,,#DIV/0!,0.00%,,,#DIV/0!,#DIV/0!,#DIV/0!,,,,,,
279,10月6日(火) ,,,,,,,,,,,,,,,,,0,,,,,,#DIV/0!,0.00%,,,#DIV/0!,#DIV/0!,#DIV/0!,,,,,,
280,10月7日(水) ,,,,,,,,,,,,,,,,,0,,,,,,#DIV/0!,0.00%,,,#DIV/0!,#DIV/0!,#DIV/0!,,,,,,
281,10月8日(木) ,,,,,,,,,,,,,,,,,0,,,,,,#DIV/0!,0.00%,,,#DIV/0!,#DIV/0!,#DIV/0!,,,,,,
282,10月9日(金) ,,,,,,,,,,,,,,,,,0,,,,,,#DIV/0!,0.00%,,,#DIV/0!,#DIV/0!,#DIV/0!,,,,,,
283,10月10日(土) ,,,,,,,,,,,,,,,,,0,,,,,,#DIV/0!,0.00%,,,#DIV/0!,#DIV/0!,#DIV/0!,,,,,,
284,10月11日(日) ,,,,,,,,,,,,,,,,,0,,,,,,#DIV/0!,0.00%,,,#DIV/0!,#DIV/0!,#DIV/0!,,,,,,
285,10月12日(月) ,,,,,,,,,,,,,,,,,0,,,,,,#DIV/0!,0.00%,,,#DIV/0!,#DIV/0!,#DIV/0!,,,,,,
286,10月13日(火) ,,,,,,,,,,,,,,,,,0,,,,,,#DIV/0!,0.00%,,,#DIV/0!,#DIV/0!,#DIV/0!,,,,,,
287,10月14日(水) ,,,,,,,,,,,,,,,,,0,,,,,,#DIV/0!,0.00%,,,#DIV/0!,#DIV/0!,#DIV/0!,,,,,,
288,10月15日(木) ,,,,,,,,,,,,,,,,,0,,,,,,#DIV/0!,0.00%,,,#DIV/0!,#DIV/0!,#DIV/0!,,,,,,
289,10月16日(金) ,,,,,,,,,,,,,,,,,0,,,,,,#DIV/0!,0.00%,,,#DIV/0!,#DIV/0!,#DIV/0!,,,,,,
290,10月17日(土) ,,,,,,,,,,,,,,,,,0,,,,,,#DIV/0!,0.00%,,,#DIV/0!,#DIV/0!,#DIV/0!,,,,,,
291,10月18日(日) ,,,,,,,,,,,,,,,,,0,,,,,,#DIV/0!,0.00%,,,#DIV/0!,#DIV/0!,#DIV/0!,,,,,,
292,10月19日(月) ,,,,,,,,,,,,,,,,,0,,,,,,#DIV/0!,0.00%,,,#DIV/0!,#DIV/0!,#DIV/0!,,,,,,
293,10月20日(火) ,,,,,,,,,,,,,,,,,0,,,,,,#DIV/0!,0.00%,,,#DIV/0!,#DIV/0!,#DIV/0!,,,,,,
294,10月21日(水) ,,,,,,,,,,,,,,,,,0,,,,,,#DIV/0!,0.00%,,,#DIV/0!,#DIV/0!,#DIV/0!,,,,,,
295,10月22日(木) ,,,,,,,,,,,,,,,,,0,,,,,,#DIV/0!,0.00%,,,#DIV/0!,#DIV/0!,#DIV/0!,,,,,,
296,10月23日(金) ,,,,,,,,,,,,,,,,,0,,,,,,#DIV/0!,0.00%,,,#DIV/0!,#DIV/0!,#DIV/0!,,,,,,
297,10月24日(土) ,,,,,,,,,,,,,,,,,0,,,,,,#DIV/0!,0.00%,,,#DIV/0!,#DIV/0!,#DIV/0!,,,,,,
298,10月25日(日) ,,,,,,,,,,,,,,,,,0,,,,,,#DIV/0!,0.00%,,,#REF!,#REF!,#REF!,,,,,,
299,10月26日(月) ,,,,,,,,,,,,,,,,,0,,,,,,#DIV/0!,0.00%,,,#DIV/0!,#DIV/0!,#DIV/0!,,,,,,
300,10月27日(火) ,,,,,,,,,,,,,,,,,0,,,,,,#DIV/0!,0.00%,,,#DIV/0!,#DIV/0!,#DIV/0!,,,,,,
301,10月28日(水) ,,,,,,,,,,,,,,,,,0,,,,,,#DIV/0!,0.00%,,,#DIV/0!,#DIV/0!,#DIV/0!,,,,,,
302,10月29日(木) ,,,,,,,,,,,,,,,,,0,,,,,,#DIV/0!,0.00%,,,#DIV/0!,#DIV/0!,#DIV/0!,,,,,,
303,10月30日(金) ,,,,,,,,,,,,,,,,,0,,,,,,#DIV/0!,0.00%,,,#DIV/0!,#DIV/0!,#DIV/0!,,,,,,
304,10月31日(土) ,,,,,,,,,,,,,,,,,0,,,,,,#DIV/0!,0.00%,,,#DIV/0!,#DIV/0!,#DIV/0!,,,,,,
305,11月1日(日) ,,,,,,,,,,,,,,,,,0,,,,,,#DIV/0!,0.00%,,,#DIV/0!,#DIV/0!,#DIV/0!,,,,,,
306,11月2日(月) ,,,,,,,,,,,,,,,,,0,,,,,,#DIV/0!,0.00%,,,#DIV/0!,#DIV/0!,#DIV/0!,,,,,,
307,11月3日(火) ,,,,,,,,,,,,,,,,,0,,,,,,#DIV/0!,0.00%,,,#DIV/0!,#DIV/0!,#DIV/0!,,,,,,
308,11月4日(水) ,,,,,,,,,,,,,,,,,0,,,,,,#DIV/0!,0.00%,,,#DIV/0!,#DIV/0!,#DIV/0!,,,,,,
309,11月5日(木) ,,,,,,,,,,,,,,,,,0,,,,,,#DIV/0!,0.00%,,,#DIV/0!,#DIV/0!,#DIV/0!,,,,,,
310,11月6日(金) ,,,,,,,,,,,,,,,,,0,,,,,,#DIV/0!,0.00%,,,#DIV/0!,#DIV/0!,#DIV/0!,,,,,,
311,11月7日(土) ,,,,,,,,,,,,,,,,,0,,,,,,#DIV/0!,0.00%,,,#DIV/0!,#DIV/0!,#DIV/0!,,,,,,
312,11月8日(日) ,,,,,,,,,,,,,,,,,0,,,,,,#DIV/0!,0.00%,,,#DIV/0!,#DIV/0!,#DIV/0!,,,,,,
313,11月9日(月) ,,,,,,,,,,,,,,,,,0,,,,,,#DIV/0!,0.00%,,,#DIV/0!,#DIV/0!,#DIV/0!,,,,,,
314,11月10日(火) ,,,,,,,,,,,,,,,,,0,,,,,,#DIV/0!,0.00%,,,#DIV/0!,#DIV/0!,#DIV/0!,,,,,,
315,11月11日(水) ,,,,,,,,,,,,,,,,,0,,,,,,#DIV/0!,0.00%,,,#DIV/0!,#DIV/0!,#DIV/0!,,,,,,
316,11月12日(木) ,,,,,,,,,,,,,,,,,0,,,,,,#DIV/0!,0.00%,,,#DIV/0!,#DIV/0!,#DIV/0!,,,,,,
317,11月13日(金) ,,,,,,,,,,,,,,,,,0,,,,,,#DIV/0!,0.00%,,,#DIV/0!,#DIV/0!,#DIV/0!,,,,,,
318,11月14日(土) ,,,,,,,,,,,,,,,,,0,,,,,,#DIV/0!,0.00%,,,#DIV/0!,#DIV/0!,#DIV/0!,,,,,,
319,11月15日(日) ,,,,,,,,,,,,,,,,,0,,,,,,#DIV/0!,0.00%,,,#DIV/0!,#DIV/0!,#DIV/0!,,,,,,
320,11月16日(月) ,,,,,,,,,,,,,,,,,0,,,,,,#DIV/0!,0.00%,,,#DIV/0!,#DIV/0!,#DIV/0!,,,,,,
321,11月17日(火) ,,,,,,,,,,,,,,,,,0,,,,,,#DIV/0!,0.00%,,,#DIV/0!,#DIV/0!,#DIV/0!,,,,,,
322,11月18日(水) ,,,,,,,,,,,,,,,,,0,,,,,,#DIV/0!,0.00%,,,#DIV/0!,#DIV/0!,#DIV/0!,,,,,,
323,11月19日(木) ,,,,,,,,,,,,,,,,,0,,,,,,#DIV/0!,0.00%,,,#DIV/0!,#DIV/0!,#DIV/0!,,,,,,
324,11月20日(金) ,,,,,,,,,,,,,,,,,0,,,,,,#DIV/0!,0.00%,,,#DIV/0!,#DIV/0!,#DIV/0!,,,,,,
325,11月21日(土) ,,,,,,,,,,,,,,,,,0,,,,,,#DIV/0!,0.00%,,,#DIV/0!,#DIV/0!,#DIV/0!,,,,,,
326,11月22日(日) ,,,,,,,,,,,,,,,,,0,,,,,,#DIV/0!,0.00%,,,#DIV/0!,#DIV/0!,#DIV/0!,,,,,,
327,11月23日(月) ,,,,,,,,,,,,,,,,,0,,,,,,#DIV/0!,0.00%,,,#DIV/0!,#DIV/0!,#DIV/0!,,,,,,
328,11月24日(火) ,,,,,,,,,,,,,,,,,0,,,,,,#DIV/0!,0.00%,,,#DIV/0!,#DIV/0!,#DIV/0!,,,,,,
329,11月25日(水) ,,,,,,,,,,,,,,,,,0,,,,,,#DIV/0!,0.00%,,,#DIV/0!,#DIV/0!,#DIV/0!,,,,,,
330,11月26日(木) ,,,,,,,,,,,,,,,,,0,,,,,,#DIV/0!,0.00%,,,#DIV/0!,#DIV/0!,#DIV/0!,,,,,,
331,11月27日(金) ,,,,,,,,,,,,,,,,,0,,,,,,#DIV/0!,0.00%,,,#DIV/0!,#DIV/0!,#DIV/0!,,,,,,
332,11月28日(土) ,,,,,,,,,,,,,,,,,0,,,,,,#DIV/0!,0.00%,,,#DIV/0!,#DIV/0!,#DIV/0!,,,,,,
333,11月29日(日) ,,,,,,,,,,,,,,,,,0,,,,,,#DIV/0!,0.00%,,,#DIV/0!,#DIV/0!,#DIV/0!,,,,,,
334,11月30日(月) ,,,,,,,,,,,,,,,,,0,,,,,,#DIV/0!,0.00%,,,#DIV/0!,#DIV/0!,#DIV/0!,,,,,,
335,12月1日(火) ,,,,,,,,,,,,,,,,,0,,,,,,#DIV/0!,0.00%,,,#DIV/0!,#DIV/0!,#DIV/0!,,,,,,
336,12月2日(水) ,,,,,,,,,,,,,,,,,0,,,,,,#DIV/0!,0.00%,,,#DIV/0!,#DIV/0!,#DIV/0!,,,,,,
337,12月3日(木) ,,,,,,,,,,,,,,,,,0,,,,,,#DIV/0!,0.00%,,,#DIV/0!,#DIV/0!,#DIV/0!,,,,,,
338,12月4日(金) ,,,,,,,,,,,,,,,,,0,,,,,,#DIV/0!,0.00%,,,#DIV/0!,#DIV/0!,#DIV/0!,,,,,,
339,12月5日(土) ,,,,,,,,,,,,,,,,,0,,,,,,#DIV/0!,0.00%,,,#DIV/0!,#DIV/0!,#DIV/0!,,,,,,
340,12月6日(日) ,,,,,,,,,,,,,,,,,0,,,,,,#DIV/0!,0.00%,,,#DIV/0!,#DIV/0!,#DIV/0!,,,,,,
341,12月7日(月) ,,,,,,,,,,,,,,,,,0,,,,,,#DIV/0!,0.00%,,,#DIV/0!,#DIV/0!,#DIV/0!,,,,,,
342,12月8日(火) ,,,,,,,,,,,,,,,,,0,,,,,,#DIV/0!,0.00%,,,#DIV/0!,#DIV/0!,#DIV/0!,,,,,,
343,12月9日(水) ,,,,,,,,,,,,,,,,,0,,,,,,#DIV/0!,0.00%,,,#DIV/0!,#DIV/0!,#DIV/0!,,,,,,
344,12月10日(木) ,,,,,,,,,,,,,,,,,0,,,,,,#DIV/0!,0.00%,,,#DIV/0!,#DIV/0!,#DIV/0!,,,,,,
345,12月11日(金) ,,,,,,,,,,,,,,,,,0,,,,,,#DIV/0!,0.00%,,,#DIV/0!,#DIV/0!,#DIV/0!,,,,,,
346,12月12日(土) ,,,,,,,,,,,,,,,,,0,,,,,,#DIV/0!,0.00%,,,#DIV/0!,#DIV/0!,#DIV/0!,,,,,,
347,12月13日(日) ,,,,,,,,,,,,,,,,,0,,,,,,#DIV/0!,0.00%,,,#DIV/0!,#DIV/0!,#DIV/0!,,,,,,
348,12月14日(月) ,,,,,,,,,,,,,,,,,0,,,,,,#DIV/0!,0.00%,,,#DIV/0!,#DIV/0!,#DIV/0!,,,,,,
349,12月15日(火) ,,,,,,,,,,,,,,,,,0,,,,,,#DIV/0!,0.00%,,,#DIV/0!,#DIV/0!,#DIV/0!,,,,,,
350,12月16日(水) ,,,,,,,,,,,,,,,,,0,,,,,,#DIV/0!,0.00%,,,#DIV/0!,#DIV/0!,#DIV/0!,,,,,,
351,12月17日(木) ,,,,,,,,,,,,,,,,,0,,,,,,#DIV/0!,0.00%,,,#DIV/0!,#DIV/0!,#DIV/0!,,,,,,
352,12月18日(金) ,,,,,,,,,,,,,,,,,0,,,,,,#DIV/0!,0.00%,,,#DIV/0!,#DIV/0!,#DIV/0!,,,,,,
353,12月19日(土) ,,,,,,,,,,,,,,,,,0,,,,,,#DIV/0!,0.00%,,,#DIV/0!,#DIV/0!,#DIV/0!,,,,,,
354,12月20日(日) ,,,,,,,,,,,,,,,,,0,,,,,,#DIV/0!,0.00%,,,#DIV/0!,#DIV/0!,#DIV/0!,,,,,,
355,12月21日(月) ,,,,,,,,,,,,,,,,,0,,,,,,#DIV/0!,0.00%,,,#DIV/0!,#DIV/0!,#DIV/0!,,,,,,
356,12月22日(火) ,,,,,,,,,,,,,,,,,0,,,,,,#DIV/0!,0.00%,,,#DIV/0!,#DIV/0!,#DIV/0!,,,,,,
357,12月23日(水) ,,,,,,,,,,,,,,,,,0,,,,,,#DIV/0!,0.00%,,,#DIV/0!,#DIV/0!,#DIV/0!,,,,,,
358,12月24日(木) ,,,,,,,,,,,,,,,,,0,,,,,,#DIV/0!,0.00%,,,#DIV/0!,#DIV/0!,#DIV/0!,,,,,,
359,12月25日(金) ,,,,,,,,,,,,,,,,,0,,,,,,#DIV/0!,0.00%,,,#DIV/0!,#DIV/0!,#DIV/0!,,,,,,
360,12月26日(土) ,,,,,,,,,,,,,,,,,0,,,,,,#DIV/0!,0.00%,,,#DIV/0!,#DIV/0!,#DIV/0!,,,,,,
361,12月27日(日) ,,,,,,,,,,,,,,,,,0,,,,,,#DIV/0!,0.00%,,,#DIV/0!,#DIV/0!,#DIV/0!,,,,,,
362,12月28日(月) ,,,,,,,,,,,,,,,,,0,,,,,,#DIV/0!,0.00%,,,#DIV/0!,#DIV/0!,#DIV/0!,,,,,,
363,12月29日(火) ,,,,,,,,,,,,,,,,,0,,,,,,#DIV/0!,0.00%,,,#DIV/0!,#DIV/0!,#DIV/0!,,,,,,
364,12月30日(水) ,,,,,,,,,,,,,,,,,0,,,,,,#DIV/0!,0.00%,,,#DIV/0!,#DIV/0!,#DIV/0!,,,,,,
365,12月31日(木) ,,,,,,,,,,,,,,,,,0,,,,,,#DIV/0!,0.00%,,,#DIV/0!,#DIV/0!,#DIV/0!,,,,,,